Dealer Name,City,FQ,Qty,Latitude,Longitude
GWM/HAVAL POLOKWANE,POLOKWANE,90,,-23.9045,29.46885
BIDVEST MCCARTHY LEXUS LYNNWOOD,PRETORIA,180,,-25.7449,28.18783
MGM MOTORS POLOKWANE,POLOKWANE,30,,,
MOFFETT PRE-OWNED,PORT ELIZABETH,30,,-33.9824,25.55281
NTT VOLKSWAGEN KRUGERSDORP,KRUGERSDORP,30,,-26.0858,27.77515
PERDEBERG MOTORS,MALMESBURY,14,,,
MOTUS LOUIS TRICHARDT,LOUIS TRICHARDT,180,,-23.0439,29.90319
BARLOWORLD TOYOTA STELLENBOSCH,STELLENBOSCH,30,,,
BIDVEST CAR RENTAL,ISANDO,30,,,
BIDVEST MCCARTHY TOYOTA GAUTENG FLEET,BRYANSTON,30,,,
BIDVEST MCCARTHY TOYOTA KZN FLEET,BRYANSTON,30,,,
BIDVEST MCCARTHY RICHARDSBAY,RICHARDS BAY,180,,-28.783,32.03768
BIDVEST MCCARTHY RIC...,RICHARDS BAY,180,,-28.783,32.03768
BIDVEST MCCARTHY TOYOTA WESTERN CAPE FLEET,BRYANSTON,30,,,
CALEDON TOYOTA,CALEDON,30,,-34.232,19.42644
CERES TOYOTA,CERES,30,,,
CMH GROUP,DURBAN,30,,-29.8579,31.0292
MATLA ENERGY (PTY) LTD T/A DE AAR TOYOTA,DE AAR,90,,,
DREAMTEAM VEHICLE RENTAL,PARK RYNIE,30,,-30.3159,30.74188
CMH CAR HIRE FLEET (PTY) LTD,UMHLANGA,30,,,
HALFWAY LEXUS PRETORIA,DIE WILGERS PRETORIA,30,,-25.7449,28.18783
HERTZ CAR RENTAL,JOHANNESBURG,30,,-26.2023,28.04363
HINO EASTRAND,BOKSBURG,180,,-26.212,28.25958
HINO EAST LONDON,BEACON BAY,180,,-32.9703,27.94404
HINO HONEYDEW,MOGALE CITY,90,,-26.0271,27.85309
HINO ISANDO,ISANDO,90,,-26.1396,28.20934
HINO KLERKSDORP,KLERKSDORP,180,,-26.8521,26.66672
HINO LIMPOPO,NERVANA,180,,,
MOTUS HINO MBOMBELA,MBOMBELA,180,,-25.4745,30.97033
HINO ORANJE,HAMILTON,180,,,
HINO POMONA,KEMPTON PARK,14,,,
HINO STANGER,STANGER,180,,-29.3282,31.28954
HINO WESTRAND,FLORIDA,180,,,
HYDE PARK TOYOTA,JOHANNESBURG,30,,,
T/A KLEIN KAROO TOYOTA,OUDTSHOORN,14,,,
NMI TOYOTA KURUMAN,POSTMASBURG,14,,,
MCCARTHY GROUP,DURBAN,30,,-29.8579,31.0292
MEGACITY HOLDINGS (PTY) LTD T/A UMLAZI TOYOTA,DURBAN,90,,,
MESSINA TOYOTA,MESSINA,90,,,
MESSINA TOYOTA,MESSINA,180,,,
MMG TOYOTA QUEENSTOWN,QUEENSTOWN,30,,,
MMG TOYOTA KOMANI,KOMANI,90,,,
MMG TOYOTA QUEENSTOWN,QUEENSTOWN,30,,,
MONTANA TOYOYA,PRETORIA,90,,,
MONTAGU TOYOTA,MONTAGU,14,,,
MOSSELBAAI TOYOTA,MOSSEL BAY,14,,,
MOTUS CAR RENTAL DIVISION MOTUS GROUP LIMITED,BRUMA,30,,,
MMG TOYOTA DUNDEE,DUNDEE,90,,,
NTT TOYOTA HOEDSPRUIT,HOEDSPRUIT,180,,,
NTT TOYOTA LOUIS TRICHARDT,POLOKWANE,180,,,
NTT TOYOTA THOHOYANDOU,MOKOPANE,30,,,
OVK GROUP,FICKSBURG,30,,,
PIET RETIEF TOYOTA AND HINO,MOOKGOPONG,30,,,
PRIESKA TOYOTA,PRIESKA,90,,,
R I S VEHICLE HIRE,PARK RYNIE,30,,-30.3159,30.74188
RETNEV GROUP,MOOKGOPONG,30,,-24.5508,28.85855
T/A R I S VEHICLE HIRE,PARK RYNIE,30,,-30.3159,30.74188
ROAL INVESTMENT GROUP,DURBAN,30,,-29.8579,31.0292
ROBERTSON TOYOTA,ROBERTSON,30,,-33.8035,19.88021
ROLA TOYOTA BREDASDORP,BREDASDORP,90,,,
SMG LEXUS UMHLANGA,UMHLANGA,90,,-29.7253,31.08583
SMG TOYOTA SOWETO,ORLANDO SOWETO,30,,,
SOUTHERN TOYOTA,LENASIA,90,,-26.3245,27.86634
STANDERTON TOYOTA,MOOKGOPONG,30,,,
KELSTON  MOTORS (PTY) LTD T/A KELSTON TOYOTA,CRADOCK,30,,,
THEKWINI TOYOTA KOKSTAD,KOKSTAD,180,,,
TAMBOTI TOYOTA,LEPHALALE,14,,,
SPRINGBOK TOYOTA,SPRINGBOK,14,,,
UNITRANS GROUP,BRYANSTON,30,,,
NMI TOYOTA POSTMASBURG,POSTMASBURG,30,,,
WATERBERG TOYOTA GROUP,BELA BELA,30,,,
WEIR'S GROUP,EAST LONDON,30,,-33.0153,27.91162
ALAN HUDSON MOTORS,NELSPRUIT,60,,,
ALPINE AUDI,DURBAN,30,,-29.8579,31.0292
ALPINE COMMERCIAL,PINETOWN,30,,,
ALPINE HILLCREST,HILLCREST,30,,-29.7748,30.76396
ALPINE MOTORS,PINETOWN,30,,,
ALPINE MOTOR GROUP,DURBAN,30,,-29.8579,31.0292
BARONS DURBAN,DURBAN,180,,-29.9095,30.99117
AUDI CENTRE BLOEMFONTEIN,BLOEMFONTEIN,180,,-29.1211,26.214
AUDI CENTRE BRAAMFONTEIN,"JOHANNESBURG, BRAAMFONTEIN",30,,,
AUDI CENTRE BRUMA,BRUMA,90,,-26.1786,28.11092
AUDI CENTRE BRUMA,JOHANNESBURG,180,,-26.2023,28.04363
AUDI CENTRE CENTURY CITY,CENTURY CITY,180,,-33.8912,18.51274
NMI T/A AUDI CENTRE CENTURY CITY,CENTURY CITY,90,,-33.8912,18.51274
CLAREMONT HOLDINGS T/A AUDI CENTRE CLAREMONT,CAPE TOWN,30,,-33.9258,18.42322
AUDI CENTRE DURBAN,DURBAN,180,,,
AUDI CENTRE EAST RAND MALL,BOKSBURG,180,,-26.212,28.25958
AUDI CENTRE EAST RAN...,"Gleneagles, 2091",180,,-26.2,28.0833
AUDI CENTRE EAST RAN...,"Tulisa park, 2197",180,,,
AUDI CENTRE BRYANSTON,BRYANSTON,180,,-26.0521,28.02805
AUDI CENTRE MBOMBELA,NELSPRUIT,60,,-25.4745,30.97033
AUDI CENTRE MENLYN,NEWLANDS,180,,-25.7925,28.28032
AUDI CENTRE MIDDELBURG,MIDDELBURG,180,,,
AUDI CENTRE N1 CITY,GOODWOOD,180,,,
AUDI CENTRE NORTHCLIFF,NORTHCLIFF,7,,-26.1462,27.97068
AUDI CENTRE PAARL,PAARL,30,,-33.7338,18.97523
NMI T/A AUDI CENTRE PIETERMARITZBURG,PIETERMARITZBURG,90,,-29.6168,30.39278
AUDI CENTRE PIETERMARITZBURG,PIETERMARITZBURG,180,,-29.6168,30.39278
AUDI CENTRE UMHLANGA,UNHLANGA,30,,,
AUDI CENTRE POLOKWANE,POLOKWANE,30,,-23.9166,29.4437
AUDI CENTRE RICHARDS BAY,RICHARDS BAY,30,,-28.783,32.03768
AUDI CENTRE RIVONIA,SUNNINGHILL EXTENSION 173,30,,,
AUDI RUSTENBURG,RUSTENBURG,90,,-25.6933,27.254
AUDI CENTRE SANDTON,SANDTON,180,,-26.0552,28.05943
AUDI CENTRE SPRINGS,SPRINGS,30,,-26.2584,28.47173
AUDI CENTRE THE GLEN,BENONI,180,,-26.1885,28.32078
AUDI CENTRE THE GLEN,JOHANNESBURG,180,,-26.2023,28.04363
AUDI CENTRE TRICHARDT,Trichardt,60,,-26.4916,29.22878
AUDI CENTRE SOMERSET WEST,SOMERSET,30,,-34.0784,18.82365
AUDI CENTRE JOHANNESBURG,JOHANNESBURG,7,,-26.2023,28.04363
AUDI KIMBERLEY,KIMBERLEY,30,,-28.7323,24.76232
AUDI NEWCASTLE,NEWCASTLE,14,,-27.7596,29.93861
AUDI NEWCASTLE,NEWCASTLE,14,,-27.7596,29.93861
AUDI NEWCASTLE,NEWCASTLE,14,,-27.7596,29.93861
AUDI NEWCASTLE,ERMELO,14,,-26.5333,29.98333
AUDI NEWCASTLE,ERMELO,14,,-26.5333,29.98333
AUDI NEWCASTLE,BETHLEHEM,14,,,
AUDI NEWCASTLE,BETHLEHEM,14,,,
NTT AUDI KIMBERLEY,KIMBERLEY,30,,-28.7323,24.76232
AUDI CENTRE POLOKWANE,POLOKWANE,30,,-23.9166,29.4437
AUDI CENTRE SOMERSET WEST,SOMERSET WEST,60,,-34.0784,18.82365
AUDI CENTRE MARGATE...,"PORT SHEPSTONE, 4240",30,,-30.75,30.45
AUDI CENTRE MARGATE,MARGATE,30,,,
AUTOWAGEN,BRONKHORSTSPRUIT,14,,-25.8102,28.74248
AUTOHAUS CENTURION AUDI,CENTURION,30,,-25.8589,28.18577
AUTOHAUS CENTURION GROUP,CENTURION,30,,-25.8589,28.18577
AVIS RENT A CAR,ISANDO,30,,,
NMI BARONS BELLVILLE,BELLVILLE,90,,-33.9002,18.62847
BARONS BELVILLE,BELLVILE,180,,,
NMI T/A BARONS BRUMA,BRUMA,90,,-26.1786,28.11092
BARONS BRUMA,BEDFORDVIEW,180,,,
NMI T/A BARONS CAPE TOWN,CAPE TOWN,90,,-33.9258,18.42322
BARONS CAPE TOWN,CAPE TOWN,180,,-33.8917,18.56513
NMI T/A BARONS DURBAN,DURBAN,90,,,
BARONS DURBAN,DURBAN,180,,-29.9095,30.99117
BARLOWORLD GROUP,ISANDO,30,,,
NMI T/A BARONS N1 CITY,GOODWOOD,90,,,
BARONS N1 CITY,GOODWOOD,180,,-33.8917,18.56513
NMI T/A BARONS PIETERMARITZBURG,PIETERMARITZBURG,90,,-29.6168,30.39278
BARONS PIETERMARITZBURG,PIETERMARITZBURG,180,,-29.6168,30.39278
BARONS POSTMASBURG,POSTMASBURG,180,,-28.3339,23.06541
NMI T/A BARONS TOKAI,TOKAI,90,,-34.0667,18.43333
BARONS TOKAI,TOKAI,90,,-34.0667,18.43333
BARLOWORLD - VOLKSWAGEN GROUP,ISANDO,30,,,
NMI T/A BARONS WOODMEAD,SANDTON,90,,,
BARONS WOODMEAD,SANDTON,180,,,
CFAO VW COMMERCIAL,BENONI,180,,-26.1885,28.32078
BENONI CITY VW & COM...,Alberton,180,,,
BETHLEHEM VOLKSWAGEN,BETHLEHEM,14,,,
BETHLEHEM VOLKSWAGEN,BETHLEHEM,14,,,
BETHLEHEM VOLKSWAGEN,ERMELO,14,,-26.5333,29.98333
BETHLEHEM VOLKSWAGEN,ERMELO,14,,-26.5333,29.98333
BETHLEHEM VOLKSWAGEN,NEWCASTLE,14,,,
BETHLEHEM VOLKSWAGEN,NEWCASTLE,14,,,
BETHLEHEM VOLKSWAGEN,NEWCASTLE,14,,,
BONUS MOTORS,POTGIETERSRUS,30,,,
MOKOPANE VOLKSWAGEN,MOKOPANE,180,,-24.1944,29.00974
BRITS VOLKSWAGEN,BRITS,90,,-25.6347,27.78022
CARTER VOLKSWAGEN BRONKHORSTSPRUIT,BRONKHORSTSPRUIT,30,,-25.8102,28.74248
MCCARTHY VOLKSWAGEN WITBANK,WITBANK,180,,-25.8857,29.26839
AUDI CENTRE POLOKWANE,POLOKWANE,30,,-23.9166,29.4437
VOLKSWAGEN COMMERCIAL POLOKWANE,POLOKWANE,30,,-23.9045,29.46885
VOLKSWAGEN POLOKWANE,POLOKWANE,30,,-23.9045,29.46885
CLAREMONT HOLDINGS (PTY) LTD,VREDENDAL,30,,-31.6683,18.50119
CLAREMONT VOLKSWAGEN AND AUDI,CAPE TOWN,30,,-33.9258,18.42322
CLAREMONT HOLDINGS (PTY) T/A  CLAREMONT VOLKSWAGEN,CAPE TOWN,30,,-33.9258,18.42322
DIRK ELLIS MOTOR GROUP,JEFFREYS BAY,30,,-34.0507,24.9195
DIRK ELLIS VOLKSWAGEN,HUMANSDORP,30,,,
DIRK ELLIS VOLKSWAGEN JEFFREYS BAY,JEFFREYS BAY,60,,-34.0507,24.9195
DOCRAT GROUP,NEWCASTLE,14,,,
DU PLESSIS MOTORS,OUDTSHOORN,30,,,
DUCATI CLAREMONT,CLAREMONT,30,,,
DUCATI JOHANNESBURG,SANDTON,30,,,
T/A DU PLESSIS MOTORS,OUDTSHOORN,30,,,
DUTTON MOTORS,SASOLBURG,30,,,
NTT AUDI CENTRE EAST LONDON,ABBOTSFORD,30,,,
NTT VW EAST LONDON,EAST LONDON,30,,-33.0153,27.91162
ERMELO VOLKSWAGEN,ERMELO,14,,-26.5333,29.98333
ERMELO VOLKSWAGEN,BETHLEHEM,14,,,
ERMELO VOLKSWAGEN,BETHLEHEM,14,,,
ERMELO VOLKSWAGEN,ERMELO,14,,-26.5333,29.98333
ERMELO VOLKSWAGEN,NEWCASTLE,14,,,
ERMELO VOLKSWAGEN,NEWCASTLE,14,,,
ERMELO VOLKSWAGEN,NEWCASTLE,14,,,
EUROPCAR,BRUMA,30,,,
GATEWAY VW,CARLETONVILLE,7,,-26.3609,27.39767
GRESSE MOTOR GROEP,UPINGTON,30,,-28.4478,21.25612
GROUP SIX TRUST GROUP,NELSPRUIT,30,,-25.4745,30.97033
AUDI CENTRE HATFIELD,HATFIELD,30,,,
HATFIELD VW MELROSE COMMERCIAL VEHICLES,MELROSE,30,,,
HATFIELD VW PRETORIA,PRETORIA,30,,-25.7454,28.23916
HATFIELD VW PRETORIA,Solomon mahlangu Dr,30,,,
HATFIELD VW GROUP,PRETORIA,30,,-25.7449,28.18783
HATFIELD VW BRYANSTON,BRYANSTON,30,,-26.0521,28.02805
HATFIELD VW COMMERCIAL VEHICLES,PRETORIA,30,,-25.7449,28.18783
HATFIELD VW COMMERCIAL VEHICLES,Solomon Mahlangu Dr,30,,,
HATFIELD VW NORTHCLIFF,JOHANNESBURG,30,,-26.2023,28.04363
HATFIELD VW RIVONIA,JOHANNESBURG,30,,-26.0571,28.05981
HATFIELD VW BRAAMFONTEIN,BRAAMFONTEIN,30,,-26.1982,28.02194
HATFIELD VW BRAAMFON...,Braamfontein,30,,,
HATFIELD VW MELROSE ARCH,BIRNAM,30,,,
NTT VW HEIDELBERG,HEIDELBERG,30,,,
HERTZ RENT A CAR,CAPE TOWN INTERNATIONAL AIRPORT,90,,-33.9648,18.60167
HERTZOG BRIDGE GARAGE,ALIWAL NORTH,30,,-30.6937,26.71141
HOFFELDT GROUP,BRONKHORSTSPRUIT,30,,-25.8102,28.74248
HOOPER VOLKSWAGEN,DURBAN,30,,-29.8579,31.0292
IMPERIAL HOLDINGS LIMITED GROUP,BOKSBURG,30,,-26.212,28.25958
Visibilty Child Dealer,,30,,,
Visibilty Child Dealer,,30,,,
Visibilty Child Dealer,town,30,,,
Visibility Home Dealer Page,,30,,,
Visibility Dealer Home Page,,30,,,
Visibility Dealer Home Page,town,30,,,
KELSTON GROUP,PORT ELIZABETH,60,,-33.9902,25.55161
KELSTON MOTORS,PORT ELIZABETH,60,,,
KLERKSDORP VW,KLERKSDORP,180,,-26.8521,26.66672
VOLKSWAGEN KNYSNA,KNYSNA,30,,-34.0403,23.05317
KROONSTAD VW,KROONSTAD,180,,-27.6504,27.23488
KROONSTAD VW,KROONSTAD,30,,-27.6504,27.23488
LADYSMITH AUTOHAUS,LADYSMITH,30,,,
LANNIE MOTORS,TZANEEN,30,,,
LENASIA VW,LENASIA,7,,-26.3258,27.86481
LINDSAY SAKER KEMPTON PARK,RHODESFIELD,180,,,
LINDSAY SAKER ALBERTON,ALBERTON,180,,-26.2679,28.12225
LINDSAY SAKER BLOEMFONTEIN,BLOEMFONTEIN,180,,-29.1116,26.22153
LINDSAY SAKER EAST RAND,BOKSBURG NORTH,180,,-26.2054,28.25392
LS EAST RAND (INACTIVE),BOKSBURG,180,,-26.212,28.25958
LINDSAY SAKER EDENVALE,EDENVALE,180,,-26.141,28.15247
LINDSAY SAKER FOURWAYS,FOURWAYS,180,,-26.0211,28.00917
LINDSAY SAKER GROUP,BOKSBURG,30,,-26.212,28.25958
LINDSAY SAKER GERMISTON,JOHANNESBURG,180,,-26.2023,28.04363
LINDSAY SAKER MIDRAND,MIDRAND,180,,-25.99,28.13113
AUDI CENTRE VEREENIGING,VEREENIGING,180,,-26.6731,27.92615
LINDSAY SAKER VEREENIGING,VEREENIGING,180,,-26.6731,27.92615
LINDSAY SAKER WELKOM,WELKOM,180,,-27.9774,26.73506
LINDSAY SAKER WELKOM (AUDI),WELKOM,180,,-27.9774,26.73506
MARBLE GOLD GROUP,POLOKWANE,30,,-23.9045,29.46885
MARKET SQUARE CARS CALEDON STREET,UITENHAGE,60,,-33.7576,25.3971
MARKET SQUARE CARS CALEDON STREET,Queenstown,60,,-31.8976,26.87533
MARKET SQUARE CARS CALEDON STREET,Uitenhage,60,,-33.7576,25.3971
MARKET SQUARE CARS CALEDON STREET,Somerset West,60,,-34.084,18.82113
MARKET SQUARE CARS CALEDON STREET,Port Alfred,60,,-33.5906,26.89104
 MARKET SQUARE CARS CALEDON STREET,Port Elizabeth,60,,-33.918,25.57007
MARKET SQUARE CARS 6TH AVENUE,PORT ELIZABETH,60,,-33.918,25.57007
MARKET SQUARE CARS 6...,"Queenstown,5319",60,,-31.9,26.8833
MARKET SQUARE CARS 6...,"Uitenhage, 6139",60,,-33.3,26.5333
MARKET SQUARE CARS 6...,"Trichardt, 2300",60,,-26.55,29.1667
 MARKET SQUARE CARS 6...,"Port Alfred, 6170",60,,-33.6,26.9
MARKET SQUARE QUEENSTOWN,QUEENSTOWN,60,,-31.8976,26.87533
MARKET SQUARE QUEENSTOWN,QUEENSTOWN,60,,-31.8976,26.87533
MARKET SQUARE QUEENSTOWN,QUEENSTOWN,60,,-31.8976,26.87533
MARKET SQUARE QUEENSTOWN,UITENHAGE,60,,-33.7576,25.3971
MARKET SQUARE QUEENSTOWN,PORT ALFRED,60,,-33.5906,26.89104
MARKET SQUARE VOLKSWAGEN - GRAHAMSTOWN,GRAMHAMSTOWN,60,,,
MARKET SQUARE VOLKSWAGEN - GRAHAMSTOWN,UITENHAGE,60,,-33.7576,25.3971
MARKET SQUARE VOLKSWAGEN - GRAHAMSTOWN,PORT ELIZABETH,60,,-33.918,25.57007
MARKET SQUARE VOLKSWAGEN - GRAHAMSTOWN,QUEENSTOWN,60,,-31.8976,26.87533
MARKET SQUARE VOLKSWAGEN - GRAHAMSTOWN,PORT ALFRED,60,,-33.5906,26.89104
MARKET SQUARE VOLKSWAGEN - UITENHAGE,UITENHAGE,60,,-33.7854,25.42657
MARKET SQUARE VOLKSWAGEN - UITENHAGE,PORT ELIZABETH,60,,-33.918,25.57007
MARKET SQUARE VOLKSWAGEN - UITENHAGE,SOMERSET WEST,60,,-34.084,18.82113
MARKET SQUARE VOLKSWAGEN - UITENHAGE,QUEENSTOWN,60,,-31.8976,26.87533
MARKET SQUARE VOLKSWAGEN - UITENHAGE,GRAMHAMSTOWN,60,,,
MARKET SQUARE VOLKSWAGEN - UITENHAGE,PORT ALFRED,60,,-33.5906,26.89104
MASCOR CORPORATION GROUP,GREYTOWN,30,,-29.0642,30.59279
MASCOR VRYHEID,VRYHEID,30,,-27.7736,30.80755
MCCARTHY AUDI WONDERBOOM,ARCADIA,180,,,
AUTOHAUS CENTURION VW,CENTURION,30,,-25.8589,28.18577
MCCARTHY VW & AUDI GROUP,DURBAN,180,,-29.8579,31.0292
MCCARTHY AUDI WESTRAND,ROODEPOORT,180,,-26.1625,27.8725
MCCARTHY GROUP,DURBAN,30,,-29.8579,31.0292
MCCARTHY VOLKSWAGEN MIDDELBURG,MIDDELBURG,180,,,
MCCARTHY VOLKSWAGEN ARCADIA,PRETORIA,180,,-25.7449,28.18783
MCCARTHY VOLKSWAGEN DURBAN,NORTH BEACH DURBAN,180,,-29.8579,31.0292
MCCARTHY VOLKSWAGEN MENLYN,NEWLANDS,180,,-33.9785,18.4481
MCCARTHY VOLKSWAGEN PARROW,PARROW,180,,,
MCCARTHY VOLKSWAGEN SILVER OAKS,PRETORIA,180,,-25.7449,28.18783
MCCARTHY VOLKSWAGEN UMHLANGA,UMHLANGA RIDGE,180,,,
MCCARTHY VOLKSWAGEN WITBANK,"WITBANK,",180,,-25.8857,29.26839
MCCARTHY VOLKSWAGEN WONDERBOOM,WONDERBOOM,180,,-25.6539,28.22423
MCCARTHY VOLKSWAGEN CONSTANTIA,ROODEPOORT,180,,-26.1625,27.8725
MCCARTHY VW WESTGATE,ROODEPOORT,180,,-26.1625,27.8725
MCDULING MOTORS,BOOYSENS,180,,,
MIDBAY MOTORS VW,RICHARDSBAY,30,,,
MIDBAY MOTORS,RICHARDS BAY,30,,,
MIDBAY MOTORS AUDI,RICHARDS BAY,30,,,
MIDBAY MOTORS GROUP,RICHARDS BAY,30,,,
MOSSEL BAY GROUP,KNYSNA,30,,-34.0363,23.04713
MUJI SPRINGS VOLKSWAGEN,SPRINGS,30,,-26.25,28.4
MUJI LADYSMITH,LADYSMITH,30,,-28.5587,29.77896
MUJI MOTOR GROUP,SPRINGS,30,,,
NEWCASTLE VOLKSWAGEN,NEWCASTLE,14,,-27.7596,29.9384
NEWCASTLE VOLKSWAGEN,ERMELO,14,,-26.5333,29.98333
NEWCASTLE VOLKSWAGEN,ERMELO,14,,-26.5333,29.98333
NEWCASTLE VOLKSWAGEN,BETHLEHEM,14,,,
NEWCASTLE VOLKSWAGEN,BETHLEHEM,14,,,
NEWCASTLE VOLKSWAGEN,NEWCASTLE,14,,-27.7596,29.9384
NEWCASTLE VOLKSWAGEN,NEWCASTLE,14,,-27.7596,29.9384
NMI DSM GROUP,TOKAI,30,,,
NTT AUDI KIMBERLEY,KIMBERLEY,30,,-28.7323,24.76232
NTT GROUP,GROBLERSDAL,30,,,
NTT VOLKSWAGEN KIMBERLEY,KIMBERLEY,30,,-28.7323,24.76232
NTT VOLKSWAGEN KRUGERSDORP,KRUGERSDORP,30,,-26.0858,27.77515
NTT VOLKSWAGEN MTHATHA,MTHATHA,30,,-31.5889,28.78443
NTT VOLKSWAGEN KIMBERLEY,KIMBERLEY,30,,-28.7323,24.76232
NTT VW KING WILLIAMS TOWN,KING WILLIAMS TOWN,30,,-32.8803,27.39454
NTT VW POTCHEFSTROOM,SPRINGBOK,30,,-29.6643,17.8865
NTT VW PAARL,PAARL,30,,-33.7338,18.97523
PALM MOTORS,WHITE RIVER,60,,,
PALM MOTORS COMMERCIAL,WHITE RIVER,60,,,
PHILWEST MOTORS SOMERSET WEST,SOMERSET WEST,30,,,
PRINCES BENONI,BENONI NORTH,30,,,
PRINCE'S GROUP,BENONI,30,,-26.1885,28.32078
PRINCES SPRINGS,SPRINGS,30,,-26.2584,28.47173
ROLA MOTOR GROUP,STRAND,30,,,
RUSTENBURG VOLKSWAGEN,RUSTENBURG,90,,-25.6676,27.24208
AUDI CENTRE SOMERSET WEST,CAPE TOWN,30,,-34.0784,18.82365
SOUTH COAST AUDI AND...,"PORT SHEPSTONE, 4240",30,,-30.75,30.45
SOUTH COAST AUDI AND VW,MARGATE,30,,,
SOUTH COAST GROUP,MARGATE,30,,,
SOUTHEY MOTOR GROUP,KIMBERLEY,30,,-28.7323,24.76232
MOSSEL BAY VOLKSWAGEN,MOSSEL BAY,14,,-34.1831,22.14605
VOLKSWAGEN KIMBERLEY,KIMBERLEY,30,,-28.7323,24.76232
SOWETO VOLKSWAGEN,SOWETO,7,,-26.2678,27.85849
NTT VW STELLENBOSCH,CAPE TOWN,30,,-33.9258,18.42322
STRIJDOM PARK VOLKSWAGEN,RANDBURG,180,,,
STRIJDOM PARK VOLKSWAGEN,RANDBURG,180,,,
SUPER GROUP,SANDTON,30,,,
SUPER GROUP VOLKSAWAGEN SA,SANDTON,30,,,
TAVCOR AUDI EMBASSY...,George,30,,-33.963,22.46173
TAVCOR AUDI EMBASSY,PORT ELIZABETH,30,,-33.918,25.57007
AUDI CENTRE PORT ELIZABETH,PORT ELIZABETH,30,,-33.9631,25.55469
 TAVCOR AUDI EMBASSY....,George,30,,-33.963,22.46173
TAVCOR COMMERCIAL,GEORGE,30,,-33.963,22.46173
TAVCOR COMMERCIAL,PORT ELIZABETH,30,,-33.918,25.57007
TAVCOR COMMERCIAL,PORT ELIZABETH,30,,-33.918,25.57007
TAVCOR COMMERCIAL,PORT ELIZABETH,30,,-33.918,25.57007
TAVCOR COMMERCIAL,GEORGE,30,,-33.963,22.46173
TAVCOR VOLKSWAGEN,PORT ELIZABETH,30,,-33.9642,25.55462
TAVCOR VOLKSWAGEN,GEORGE,30,,-33.9837,22.50332
TAVCOR VOLKSWAGEN,PORT ELIZABETH,30,,-33.9642,25.55462
TAVCOR GEORGE AUDI.,Port Elizabeth,30,,-33.918,25.57007
TAVCOR GEORGE AUDI,GEORGE,30,,-33.963,22.46173
TAVCOR GEORGE AUDI,GEORGE,30,,-33.963,22.46173
 TAVCOR GEORGE AUDI...,Port Elizabeth,30,,-33.918,25.57007
TAVCOR MOTORS,PORT ELIZABETH,30,,,
TAVCOR MOTOR GROUP,PORT ELIZABETH,30,,-33.918,25.57007
Name TAVCOR MOTOR GROUP...,George,30,,-33.963,22.46173
TAVCOR VOLKSWAGEN KNYSNA,KNYSNA,30,,-33.9837,22.50332
TAVCOR VOLKSWAGEN KNYSNA,KYSNA,30,,,
TAVCOR YORK,GEORGE,30,,-33.963,22.46173
TAVCOR YORK,PORT ELIZABETH,30,,-33.918,25.57007
TAVCOR YORK,PORT ELIZABETH,30,,-33.918,25.57007
TAVCOR YORK GROUP,GEORGE,30,,-33.963,22.46173
THE GLEN VW / AUDI,GLEN VISTA,180,,,
THOMPSONS MOTORS,LOUIS TRICHARDT,30,,,
TRISEC AUTOHAUS,TRICHARDT,60,,,
TRISEC AUTOHAUS VW,TRICHARDT,60,,,
UNITRANS AUTOMOTIVE  GROUP,BENONI,30,,-26.1885,28.32078
UNITRANS VOLKSWAGEN SA GROUP,BENONI,30,,-26.1885,28.32078
UPINGTON VOLKSWAGEN...,Upington,14,,-28.4478,21.25612
UPINGTON VOLKSWAGEN,UPINGTON,14,,-28.4478,21.25612
VOLKSWAGEN HIGHLANDS,LYDENBURG,30,,-25.096,30.44393
VOLKSWAGEN POLOKWANE,POLOKWANE,30,,-23.9045,29.46885
VOLKSWAGEN MELROSE,JOHANNESBURG,30,,-26.2023,28.04363
VOLKS MOTORS ZEERUST,ZEERUST,30,,,
VOLKSWAGEN POLOKWANE,POLOKWANE,30,,-23.9045,29.46885
VOLKSWAGEN COMMERCIAL POL,POLOKWANE,30,,-23.9045,29.46885
VOLKSWAGEN TABLEVIEW,CAPE TOWN,30,,-33.9258,18.42322
VREDENDAL VOLKSWAGEN,VREDENDAL,30,,-31.6683,18.50119
VRYHEID VOLKSWAGEN..,Newcastle,14,,,
VRYHEID VOLKSWAGEN,VRYHEID,14,,-27.7695,30.79165
VRYHEID VOLKSWAGEN,Ermelo,14,,-26.5333,29.98333
VRYHEID VOLKSWAGEN,,14,,,
 VRYHEID VOLKSWAGEN..,Bethlehem,14,,,
VW COMMERCIAL POLOKWANE,POLOKWANE,30,,-23.9045,29.46885
ROLA VW MALMESBURY,MALMESBURG,30,,,
ROLA VW VREDENBURG,VREDENBURG,30,,-32.9072,17.98997
ROLA VW HERMANUS,HERMANUS,30,,-34.4187,19.23446
NTT VW WORCESTER,WORCESTER,30,,,
T/A NTT VW WORCESTER,WORCESTER,30,,,
WEISS DURBAN,DURBAN,180,,,
VOLKSWAGEN BALLITO,DURBAN,180,,-29.8579,31.0292
WESTVAAL MOTOR GROUP (PTY) LTD T/A WESTVAAL AUDI M,RIVERSIDE,30,,,
WEST CAPE VOLKSWAGEN,CAPE TOWN,180,,-33.9258,18.42322
WESTVAAL GROUP,KLERKSDORP,30,,-26.8521,26.66672
WESTVAAL MOTOR HOLDINGS GROUP,KLERKSDORP,30,,-26.8521,26.66672
WESTVAAL MOTOR GROUP (PTY) LTD T/A WESTVAAL VOLKSW,MBOMBELA,30,,-25.4745,30.97033
WESTVAAL MOTOR GROUP (PTY) LTD T/A WESTVAAL VW HAZ,HAZEYVIEW,30,,,
MSE AUTO (PTY) LTD T/A WESTVAAL VOLKSWAGEN LICHTEN,LICHTENBURG,30,,-26.152,26.15968
MSE AUTO (PTY) LTD T/A WESTVAAL VOLKSWAGEN MAHIKEN,MAHIKENG,30,,-25.8652,25.64421
WESTVAAL MOTOR GROUP (PTY) LTD T/A WESTVAAL VW MAS,MASHISHING,30,,,
WESTVAAL MOTOR GROUP (PTY) LTD T/A WESTVAAL VW MBO,NELSPRUIT,30,,-25.4745,30.97033
WESTVAAL MOTOR GROUP (PTY) LTD T/A WESTVAAL VW WHI,WHITE RIVER,30,,,
O2 MOTOR COMPANY (PTY) LTD,EDENVALE,30,,,
M7 INVESTMENTS GROUP,SPRINGS,30,,,
AAD GROUP,EPPING,30,,,
AAD TRUCK & BUS,EPPING,30,,,
ABSA WHOLESALE DEPARTMENT,abcd,30,,,
ACE MOTOR GROUP,QUEENSTOWN,30,,-31.8976,26.87533
ACTION FORD & MAZDA KRUGERSDORP,KRUGERSDORP,180,,-26.0858,27.77515
ACTION FORD & MAZDA CONSTANTIA,ROODEPOORT,90,,-26.1625,27.8725
ACTION FORD NORTH WEST,LICHTENBURG,180,,-26.152,26.15968
ACTION FORD NORTH WE...,Zeerust,180,,-25.537,26.07512
ACTION FORD WES KAAP,CITRUSDAL,180,,,
ADW TRUCK SALES (PTY) LTD,DOORNKLOOF,30,,,
"AFGRI BETHAL, A DIVISION OF AFGRI GROUP HOLDINGS (",BETHAL DORP,30,,,
"AFGRI BETHLEHEM, A DIVISION OF AFGRI GROUP HOLDING",BETHLEHEM,30,,,
"AFGRI BRITS, A DIVISION OF AFGRI GROUP HOLDINGS (P",BRITS,30,,-25.6347,27.78022
AFGRI OPERATIONS - CERES OUTLET,CALEDON,30,,-34.23,19.4265
AFGRI DELMAS A DIVISION OF AFGRI GROUP HOLDINGS (P,DELMAS,30,,-26.1466,28.68322
AFGRI FRANKFORT A DIVISION OF AFGRI GROUP HOLDINGS,FRANKFORT,30,,,
AFGRI OPERATIONS CALEDON OUTLET,CENTURION,30,,-25.8589,28.18577
AFGRI OPERATIONS CALEDON OUTLET,CENTURION,30,,-25.8589,28.18577
AFGRI OPERATIONS MALMESBURY OUTLET,MALMESBURG,30,,,
AFGRI OPERATIONS MALMESBURY OUTLET,CENTURION,30,,-25.8589,28.18577
AFGRI OPERATIONS MALMESBURY OUTLET,MALMESBURG,30,,,
AFGRI OPERATIONS - PIKETBERG,PIKETBERG,30,,-32.9032,18.75704
AFGRI OPERATIONS RAWSONVILLE OUTLET 2,RAWSONVILLE,30,,,
AFGRI OPERATIONS - RAWSONVILLE OUTLET MAIN,RAWSONVILLE,30,,,
"AFGRI BELLVILLE, A DIVISION OF AFGRI GROUP HOLDING",STIKLAND,30,,,
AFGRI BLACKHEATH ON BEHALF OF AFGRI GROUP HOLDINGS,BLACKHEATH,30,,,
AFGRI CALEDON A DIVISION OF AFGRI GROUP HOLDINGS (,CALEDON,30,,-34.23,19.4265
"AFGRI CERES, A DIVISION OF AFGRI GROUP HOLDINGS (P",CERES,30,,,
AFGRI DALTON,DALTON,30,,,
AFGRI EMPANGENI,EMPANGENI,30,,-28.762,31.89329
"AFGRI GAUTENG, A DIVISION OF AFGRI GROUP HOLDINGS",KEMPTON PARK,30,,-26.1086,28.2377
AFGRI GEORGE,GEORGE,30,,-33.963,22.46173
AFGRI GREYTOWN,GREYTOWN,30,,-29.0642,30.59279
AFGRI GROUP,CENTURION,30,,-25.8589,28.18577
AFGRI KOKSTAD,KOKSTAD,30,,-30.5472,29.42412
AFGRI KOMATIPOORT,KOMATIPOORT,30,,-25.4332,31.95478
"AFGRI MALMESBURG, A DIVISION OF AFGRI GROUP HOLDIN",MALMESBURG,30,,,
AFGRI MIDDELBURG A DIVISION OF AFGRI GROUP HOLDING,MIDDELBURG,30,,-25.7751,29.46482
AFGRI NELSPUIT,NELSPRUIT,30,,-25.4745,30.97033
AFGRI NEWCASTLE,NEWCASTLE,30,,,
AFGRI PIETERMARITZBURG,PIETERMARITZBURG,30,,-29.6168,30.39278
"AFGRI PIKETBERG, A DIVISION OF AFGRI GROUP HOLDING",PIKETBERG,30,,,
AFGRI SALT ROCK,SALT ROCK,30,,-29.5021,31.23511
AFGRI SPRINGBOK A DIVISION OF AFGRI GROUP HOLDINGS,SPRINGBOK,30,,-29.6643,17.8865
AFGRI TZANEEN A DIVISION OF AFGRI GROUP HOLDINGS (,TZANEEN,30,,-23.8332,30.16351
AFGRI UNDERBERG,UNDERBERG,30,,-29.7908,29.49448
AFGRI VREDENDAL A DIVISION OF AFGRI GROUP HOLDINGS,VREDENDAL,30,,-31.6683,18.50119
AFGRI VRYHEID,VRYHEID,30,,-27.7695,30.79165
AFGRI WINTERTON,WINTERTON,30,,-28.8094,29.53192
AFGRI WORCESTER,WORCESTER,30,,,
AFGRI HOLDINGS GROUP,CENTURION,30,,-25.8589,28.18577
AFGRI OPERATIONS SKITLAND OUTLET,STIKLAND,30,,,
AFGRI OPERATIONS SKITLAND OUTLET,STIKLAND,30,,,
AFGRI OPERATIONS VREDENDAL OUTLET,VREDENDAL,30,,-31.6683,18.50119
AFGRI OPERATIONS VREDENDAL OUTLET,CENTURION,30,,-25.8589,28.18577
AFGRI OPERATIONS VREDENDAL OUTLET,VREDENDAL,30,,-31.6683,18.50119
AGG WESTRAND,ROODEPOORT,30,,-26.1625,27.8725
AFGRI GROUP HOLDINGS UMLAAS,CAMPERDOWN,30,,,
"AFGRI ERMELO, A DIVISION OF AFGRI GROUP HOLDINGS (",ERMELO,30,,-26.5333,29.98333
"AFGRI GROOTVLEI, A DIVISION OF AFGRI GROUP HOLDING",GROOTVLEI,30,,,
"AFGRI HARRISMITH, A DIVISION OF AFGRI GROUP HOLDIN",HARRISMITH,30,,-28.2728,29.12946
"AFGRI MARBLE HALL, A DIVISION OF AFGRI GROUP HOLDI",MARBLE HALL,30,,-24.9663,29.29068
"AFGRI MARQUARD, A DIVISION OF AFGRI GROUP HOLDINGS",MARQUARD,30,,-28.6645,27.43048
AGRIMARK MECHANISATION,MOOI RIVER,30,,-29.2082,29.9946
"AFGRI MIDDELBURG, A DIVISION OF AFGRI GROUP HOLDIN",MIDDELBURG,30,,-25.7751,29.46482
"AFGRI POLOKWANE, A DIVISION OF AFGRI GROUP HOLDING",POLOKWANE,30,,-23.9045,29.46885
"AFGRI PORT SHEPSTONE, A DIVISION OF AFGRI GROUP HO",PORT SHEPSTONE,30,,-30.7414,30.45499
"AFGRI STANDERTON, A DIVISION OF AFGRI GROUP HOLDIN",STANDERTON,30,,-26.9337,29.24152
"AFGRI THABAZIMBI, A DIVISION OF AFGRI GROUP HOLDIN",THABAZIMBI,30,,-24.5917,27.41155
AFGRI OPERATIONS GROUP,ASHTON,30,,,
AGRIQUIP,HEIDELBERG,30,,,
AUTO ITALIA FCA MIDDELBURG,MIDDELBURG,120,,,
ALAYSA INVESTMENTS (PTY) LTD,EMPANGENI,30,,-28.762,31.89329
ALDAN TRADING GROUP,AMANZIMTOTI,30,,,
ALBERANTE MOTORS...,New Market,14,,,
ALBERANTE MOTORS,ALBERTON,14,,,
ALBERTON MULTIFRANCHISE,ALBERTON,180,,,
ALGOA ASHOK LEYLAND HUMANSDORP,HUMANSDORP,30,,-34.029,24.76912
ALGOA BAY AUTO,PORT ELIZABETH,30,,-33.9758,25.55356
ALGOA DATSUN,HUMANSDORP,30,,,
ALGOA MAHINDRA,HUMANSDORP,30,,,
ALGOA NISSAN,HUMANSDORP,30,,,
ALGOA NISSAN GROUP,HUMANSDORP,30,,,
HINO PORT ELIZABETH,PORT ELIZABETH,180,,-33.918,25.57007
ALGOA TOYOTA PORT ELIZABETH,PORT ELIZABETH,180,,,
ALGOA TOYOTA UITENHAGE,UITENHAGE,180,,,
ALIWAL TOYOTA...,Aliwal North,60,,,
ALIWAL TOYOTA,ALIWAL NORTH,60,,,
ALIWAL ISUZU,ALIWAL NORTH,30,,-30.6937,26.71141
ALLEN JOSS MAZDA,PRETORIA,60,,-25.685,28.19319
ALM TRACTOR WORLD,SASOLBURG,30,,-26.8136,27.81695
T/A ALPINE HAVAL HILLCREST,HILLCREST,30,,-29.7748,30.76396
T/A ALPINE JAC PINETOWN,PINETOWN,30,,-29.8207,30.88674
T/A ALPINE RENAULT HILLCREST,HILLCREST,30,,-29.7748,30.76396
ALPINE JAC PINETOWN,PINETOWN,60,,-29.8207,30.88674
ALPINE MOTOR GROUP,PINETOWN,30,,,
ALPET MOTORS GROUP,GEZINA,30,,,
ALPINE RENAULT AND HAVAL HILLCREST,HILLCREST,60,,-29.7748,30.76396
AMERICAN EAGLE GROUP,TYGERVALLEY,30,,,
MOTUS CORPORATION GROUP,GERMISTON,30,,,
KEMPSTON GROUP,KEMPTON PARK,30,,-26.1086,28.2377
ANESCO TOYOTA,PAULPIETERSBURG,90,,-27.4227,30.81869
ANGELS MOTOR GROUP,CENTURION,14,,-25.8589,28.18577
APEX TRUCK & TRAILER,BOKSBURG,30,,-26.212,28.25958
ARNOLD CHATZ CARS CONSTANTIA KLOOF,FLORIDA,30,,,
ARNOLD CHATZ CONSTANTIA,JOHANNESBURG,120,,-26.2023,28.04363
ARNOLD CHATZ HYDE PARK,HYDE PARK,14,,,
,,14,,,
ASHOK LEYLAND BLOEMFONTEIN,BLOEMFONTEIN,60,,-29.1211,26.214
GROUP 1 ASHOK LEYLAND KUILSRIVER,KUILSRIVER,30,,,
ASHOK-LEYLAND KWADAKUZA,KWADAKUZA,30,,,
ASHOK LEYLAND KING WILLIAMS TOWN,KING WILLIAMS TOWN,30,,-32.8803,27.39454
ASHOK LEYLAND MOBENI,MOBENI,30,,-29.9483,30.95039
,,30,,,
PRODUKTA  ASHOK LEYLAND NELSPRUIT,NELSPRUIT,60,,-25.4745,30.97033
ATLANTIS GROUP,PRETORIA,30,,-25.7449,28.18783
ATTERBURY MOTORS,PRETORIA,30,,-25.7086,28.20192
AUDENSBERG GROUP,WORCESTER,30,,,
AUDENSBERG TOYOTA,WORCESTER,30,,,
AURINIA MOTORS,PRETORIA,30,,,
AURINIA MOTOR GROUP,PRETORIA,30,,-25.7449,28.18783
AUTOLINK...,George,30,,-33.963,22.46173
AUTOLINK,KNYSNA,30,,-34.0363,23.04713
AUTOCITY ALBERTON,ALBERTON,60,,-26.2679,28.12225
AUTOCITY ALBERTON," ALBERTON, GA   1449 GRB",60,,,
AUTO ALPINA GROUP,SPRINGS,30,,,
AUTO 1 AUTOMOTIVE GROUP,UITENHAGE,30,,-33.7576,25.3971
AUTO BALTIC,BOKSBURG,120,,-26.212,28.25958
AUTO BALTIC MIDRAND,CENTRAL PARK,120,,,
AUTO BALTIC NELSPRUIT,NELSPRUIT,120,,-25.4745,30.97033
AUTO BALTIC VOLVO LIMPOPO,POLOKWANE,120,,-23.9045,29.46885
AUTO BALTIC RUSTENBURG,RUSTENBURG,120,,-25.6676,27.24208
AUTO BASIC TRADERS,PRETORIA,30,,-25.7449,28.18783
AUTO BALTIC VEREENIGING,VEREENIGING,120,,-26.6731,27.92615
AUTOHAUS BEYERS,NORTHCLIFF,7,,,
 AUTOHAUS BEYERS...," NORTHCLIFF, GA   7200 GRB",7,,,
AUTOCITY CHERY HEIDELBERG,HEIDELBERG,60,,,
AUTO CITY CHERY NIGEL,HELDEBERG,60,,,
AUTOCITY MG HEIDELBERG,HEIDELBERG,60,,,
AUTOCORP,DOIGLASDALE,14,,,
AUTOMALL DATSUN,EAST LONDON,180,,-33.0153,27.91162
AUTO DEAL,BRAKPAN,30,,-26.2366,28.36938
AUTO ELITE,UPINGTON,30,,-28.4478,21.25612
AUTO EMPORIUM,CAPE FARMS,30,,,
AUTO EXCELLENCE,CENTURION,30,,-25.8616,28.18908
AUTO EXCELLENCE (SECONDARY ACCOUNT),KIMBERLEY,30,,-28.7323,24.76232
AUTO EXCELLENCE GROUP,KIMBERLEY,30,,-28.7323,24.76232
AUTO EXCELLENCE (MAIN ACCOUNT),KIMBERLEY,30,,-28.7323,24.76232
AUTOHAUS GOBEL GROUP,NORTHCLIFF,30,,,
AUTOHAUS GOBEL NORTHCLIFF,WINDSOR,30,,,
AUTOHAUS GOBEL NORTH...,Roodepoort,30,,-26.1625,27.8725
AUTOHAUS GOBEL NORTHCLIFF WHOLESALE GROUP,WINDSOR,30,,,
AUTOCITY HAVAL HEIDELBERG,HEIDELBERG,60,,,
AUTOCITY HAVAL HEDELBERG,HEILDEBERG,60,,,
AUTO HOUSE PIET RETIEF,PIET RETIEF,30,,-27.0071,30.81323
AUTO HOUSE VRYHEID,VRYHEID,30,,-27.7695,30.79165
AUTOCITY HYUNDAI HEIDELBERG,HEIDELBERG,60,,,
,,60,,,
AUTO INVESTMENTS GROUP,TRICHARDT,30,,,
AUTO INVESTMENTS HATFIELD,PRETORIA,30,,-25.7449,28.18783
AUTO INVESTMENTS SECUNDA,TRICHARDT,30,,,
COMBINED AUTO HOLDINGS (PTY) LTD,MIDDELBURG,30,,-25.7751,29.46482
AUTO ITALIA,GROBLERSDAL,30,,,
AUTO ITALIA,GROBLERSDAL,30,,,
AUTO ITALIA CHERY MIDDELBURG,MIDDELBURG,120,,,
AUTO ITALIA GROUP,MIDDELBURG,30,,-25.7751,29.46482
AUTO ITALIA MAHINDRA MIDDELBURG,MIDDELBURG,120,,,
AUTO ITALIA PEUGEOT/CITROEN MIDDELBURG,MIDDELBURG,120,,,
AUTO ITALIA SUZUKI MIDDELBURG,MIDDELBURG,120,,,
AUTORAMA JAC MOTORS,LADYBRAND,14,,,
AUTOCITY JETOUR ALBERTON,ALBERTON,60,,-26.2679,28.12225
AUTOCITY JETOUR ALBERETON,ALBERTON,60,,,
AUTOMALL KIA,EAST LONDON,180,,-33.0153,27.91162
AUTOCITY KIA HEIDELBERG,HEIDELBERG,60,,,
 AUTOCITY KIA HEIDELB..,"HEIDELBERG,   1441",60,,-26.5,28.35
AUTOMANIA CC,SANDTON,30,,,
AUTOMAX,PORT ELIZABETH,30,,-33.918,25.57007
INFINITE AUTO,PRETORIA,14,,-25.7449,28.18783
AUTO MOTORCYCLES,FAIRVIEW,60,,,
AUTOBAHN MOTORS,PAULPIETERSBURG,30,,,
AUTO NANTES PAARL,NOORDER PAARL,30,,-33.7047,18.96552
MOTUS BLOEMFONTEIN,FREE STATE,180,,-29.1211,26.214
JAGUAR LAND ROVER GEORGE,GEORGE,180,,-33.963,22.46173
AUTOMALL NISSAN,EAST LONDON,180,,-33.0153,27.91162
AUTOCITY FOTON ALBERTON,ALBERTON,30,,-26.2679,28.12225
AUTO MECCA,GEZINA,30,,,
AUTOTEAM,BOKSBURG,30,,-26.212,28.25958
AUTORAMA KLERKSDORP,KLERKSDORP,30,,-26.8521,26.66672
AUTO REN...,Heidelberg,90,,,
AUTO REN,HEIDELBERG,90,,,
AUTOMALL RENAULT,EAST LONDON,180,,-33.0153,27.91162
AUTOCITY RENAULT HEIDELBERG,HEIDELBERG,60,,,
AUTOCITY RENAULT HEI...,"HEIDELBERG,   1441",60,,-26.5,28.35
AUTOMALL SUBARU,EAST LONDON,180,,-33.0153,27.91162
AUTOCITY TATA HEIDELBERG,HEIDELBERG,60,,,
AUTOTOPS,GEORGE,30,,-33.963,22.46173
AVIS CAR RENTAL,ISANDO,30,,,
AVIS RENT A CAR,CROYDON,30,,,
BADGER AGRICULTURE (PTY) LTD,KNOPPIESLAAGTER,30,,,
BAIC CENTURION,CENTURION,60,,-25.8589,28.18577
BAIC CENTURY CITY,CENTURY CITY,90,,-33.8912,18.51274
BAIC KLERKSDORP,STILFONTEIN,7,,-26.8449,26.76829
BAIC KLERKSDORP," STILFONTEIN, NO   2551 GRB",7,,,
BAIC MALMESBURY,CAPE TOWN,30,,-33.9258,18.42322
HAMPSON GROUP,SCOTTBURGH,30,,-30.2867,30.75316
BAIC RUSTENBURG,RUSTENBURG,30,,-25.6676,27.24208
BARLOWORLD ARMSTRONG PIETERMARITZBURG,DURB,180,,,
BARLOWORLD GM CENTURION,HENNOPSPARK,180,,,
BARLOWORLD GM JOHANNESBURG,JOHANNESBURG,180,,-26.2023,28.04363
BARLOWORLD GM ZAMBEZI,PRETORIA,180,,-25.7449,28.18783
BARLOWORLD FIAT AND ALPHA GROUP,BLOEMFONTEIN,30,,-29.1211,26.214
BARLOWORLD - GENERAL MOTORS GROUP,ISANDO,30,,,
BARLOWORLD GM FERNDALE,CAPE TOWN,180,,-33.9258,18.42322
BARLOWORLD GROUP,ISANDO,30,,,
BARLOWORLD GROUP,ISANDO,30,,,
BARLOWORLD ISUZU JOHANNESBURG,"CITY DEEP, JOHANNESBURG",90,,-26.2023,28.04363
BARLOWORLD ITSA CITY,GERMISTON,180,,,
BARLOWORLD ITSA GROUP,ISANDO,30,,,
BARLOWORLD ITSA ZAMBEZI,PRETORIA,180,,-25.7449,28.18783
MAPONYA SOWETO TOYOTA,SOWETO,7,,,
BARLOWORLD BRUMA MAZDA,DEWETSHOF,180,,,
BARLOWORLD MAZDA BRUMA,JOHANNESBURG,180,,-26.2023,28.04363
BARLOWORLD MAZDA GROUP,JOHANNESBURG,30,,-26.2023,28.04363
BARLOWORLD MAZDA PIETERMARITZBURG,PIETERMARITZBURG,180,,-29.6168,30.39278
BARLOWORLD - NEW HOLLAND GROUP,ISANDO,30,,,
BARLOWORLD OUT OF COUNTRY GROUP,ISANDO,30,,,
NMI TOYOTA CENTURION,CENTURION,14,,,
BARLOWORLD TOYOTA GROUP,ISANDO,30,,,
NMI TOYOTA KUILSRIVER,KUILSRIVER,14,,,
BARLOWORLD TOYOTA KUILSRIVER,KUILSRIVER,30,,,
NMI TOYOTA MENLYN,"MENLOPARK, TSHWANE/PRETORIA",14,,,
BARLOWORLD TOYOTA MIDDLEBURG,MIDDELBURG,30,,,
NMI TOYOTA  MIDDELBURG,MIDDELBURG,14,,,
BARLOWORLD TOYOTA CENTURION,PRETORIA,30,,,
BARLOWORLD TOYOTA MENLYN,Pretoria,30,,,
 BARLOWORLD TOYOTA MENLYN,Storage,30,,,
NMI TOYOTA  STELLENBOSCH,STELLENBOSCH,14,,-33.9255,18.85497
BARLOWORLD TOYOTA TYGERVALLEY,TYGERVALLEY,30,,,
NMI TOYOTA TYGERVALLEY,TYGERVALLEY,14,,,
BARLOWORLD TOYOTA WITBANK,WITBANK,30,,,
NMI TOYOTA WITBANK,WITBANK,14,,,
BARNARD TRUCK GROUP,NEWCASTLE,30,,,
BARLOWORLD MAZDA PIETERMARITZBURG,PIETERMARITZBURG,90,,-29.6168,30.39278
BASIL GREEN AUTO,EDENVALE,30,,,
MAZDA EDENVALE,EDENVALE,120,,-26.141,28.15247
BATES AND JOHNSTONE MOTORS GROUP,SHELLY BEACH,30,,,
BB AUTO POLOKWANE...,Ladine Polokwane,90,,-23.9045,29.46885
BB AUTO POLOKWANE...,Polokwane,90,,-23.9045,29.46885
BB AUTO POLOKWANE,POLOKWANE,90,,-23.9045,29.46885
BB AUTO MOKOPANE,LIMPOPO,90,,-24.1944,29.00974
BB COMMERCIAL,POLOKWANE,90,,-23.9045,29.46885
BB GEZINA SUZUKI,PRETORIA,90,,-25.7449,28.18783
BB KIMBERLEY HAVAL,KIMBERLEY,90,,-28.7323,24.76232
BB KIMERLEY HYUNDAI,KIMBERLEY,90,,-28.7323,24.76232
BB KIMBERLEY MITSUBISHI,KIMBERLEY,90,,-28.7323,24.76232
BB MAZDA MOKOPANE,MOKOPANE,90,,-24.178,29.0153
BB MAZDA POLOKWANE,POLOKWANE,90,,-23.9045,29.46885
BB MAZDA TZANEEN,TZANEEN,90,,-23.8332,30.16351
BB MOUNT FUJI MAHINDRA,LOUIS TRICHARDT,90,,-23.0439,29.90319
BB SUZUKI TZANEEN,TZANEEN,90,,-23.833,30.16313
BB TRUCK AND TRACTOR SERVICES,POLOKWANE,90,,-23.9045,29.46885
BB TRUCK PRETORIA,PRETORIA,90,,-25.7449,28.18783
TZANEEN MAHINDRA,TZANEEN,90,,-23.8332,30.16351
BB WELKOM HAVAL,WELKOM,90,,-27.9774,26.73506
BB WELKOM HYUNDAI,WELKOM,90,,-27.9774,26.73506
BB WELKOM RENAULT,WELKOM,90,,-27.9774,26.73506
BB AUTO GROUP,POLOKWANE,90,,-23.9045,29.46885
BB HATFIELD MAHINDRA,HATFIELD,90,,,
BB LYDENBURG HYUNDAI,LYDENBURG,30,,-25.096,30.44393
BB MOTORS TZANEEN,TZANEEN,90,,,
 BB MOTORS TZANEEN...,Lushof farm,90,,,
BB UD TZANEEN,TZANEEN,90,,-23.8332,30.16351
BB WELKOM HYUNDAI,WELKOM,90,,-27.9774,26.73506
BB MOUNT FUJI,MAKHADO,90,,-23.0176,29.79838
BB CHERY LIMPOPO,LOUIS TRICHARDT,90,,-23.0439,29.90319
BB MENLYN MAHINDRA,GARSFONTEIN,90,,,
BB TRUCK MIDDELBURG,MIDDELBURG,90,,,
BB SUZUKI POLOKWANE,POLOKWANE,90,,-23.9045,29.46885
SOUTHERN MOTORS BEDFORDVIEW (PTY) LTD,BEDFORDVIEW,90,,,
BEER TREKKERS CC,PORT ELIZABETH,30,,-33.918,25.57007
BEN MORGENROOD GROUP,RANDFONTEIN,30,,-26.1844,27.70203
BEN MORGENROOD MAZDA,RANDFONTEIN,14,,-26.1844,27.70203
BERGVILLE NEW HOLLAND,BERGVILLE,30,,,
BESTERS AUTO,VICTORIA WEST,30,,-31.4036,23.11461
 BESTERS AUTO,"De Aar, NC, 7000",30,,,
BESSIE BESTER MOTORS,BRACKENFELL,14,,,
BESTBIER SAW MILLS CC,BLOEMFONTEIN,30,,-29.1211,26.214
BETHLEHEM AUTO...,"Harrismith,",30,,-28.2728,29.12946
BETHLEHEM AUTO...,Ficksburg,30,,,
BETHLEHEM AUTO,BETHLEHEM,30,,-28.2331,28.29783
MORGAN NISSAN BETHLEHEM,HARRISMITH,60,,-28.2728,29.12946
MORGAN NISSAN BETHLEHEM,HARRISMITH,60,,-28.2728,29.12946
MORGAN NISSAN BETHLE...,Bethlehem,60,,,
AUTO INVESTMENTS RUSTENBURG,RUSTENBURG,7,,-25.6676,27.24208
BHBW SA PTY LTD - BOTHAVILLE,BOTHVILLE,30,,,
BHBW SA GROUP,BOTHVILLE,30,,,
BHBW SA PTY LTD - HOOPSTAD,HOOPSTAD,30,,-27.8327,25.90833
BLUU CAR RENTAL (PTY) LTD WB,ISANDO,180,,,
BIDVEST MCCARTHY BAIC RANDBURG,RANDBURG,30,,-26.0941,28.00123
BIDVEST MCCARTHY ISUZU TRUCK CENTRE,PRETORIA EAST,180,,-25.7449,28.22903
BIDVEST MCCARTHY JAC GERMISTON,GERMISTON,180,,-26.2348,28.17665
BIDVEST MCCARTHY JAC PAROW,PAROW,30,,-33.8972,18.59992
BIDVEST MCCARTHY JETOUR PAARL A DIVISION OF MCCART,PAARL,180,,,
BIDVEST MCCARTHY JMC GATEWAY,UMHLANGA RIDGE,30,,,
BIDVEST MCCARTHY JMC WOODMEAD,JOHANNESBURG,180,,-26.2023,28.04363
BIDVEST MCCARTHY MAHINDRA THE GLEN A DIVISION OF M,JOHANNESBURG,180,,-26.2023,28.04363
BIDVEST MCCARTHY MAHINDRA WORCESTER A DIVISION OF,WORCESTER,180,,,
BIDVEST MCCARTHY T/A FAW,GERMISTON,180,,,
BIDVEST MCCARTHY FOTON MELROSE,JOHANNESBURG,30,,-26.2023,28.04363
MCCARTHY (PTY) LIMITED T/A BIDVEST MCCARTHY JETOUR,MELROSE,180,,,
MCCARTHY (PTY) LIMITED T/A BIDVEST MCCARTHY JETOUR,WOODMEAD,180,,,
MCCARTHY (PTY) LIMITED T/A BIDVEST MCCARTHY MAHIND,RANDBURG,180,,,
BIDVEST MCCARTHY MAHINDRA GERMISTON,JOHANNESBURG,30,,-26.2023,28.04363
BIDVEST MCCARTHY MAHINDRA GROUP,RANDBURG,30,,,
MCCARTHY (PTY) LIMITED T/A BIDVEST MCCARTHY SUZUKI,GROBLERSDAL,180,,,
BI-RITE,FOURWAYS,30,,,
BLOEMFONTEIN MULTIFRANCHISE,BLOEMFONTEIN,90,,-29.1211,26.214
BLUE DOT GROUP,PAARL,30,,,
BOLAND MOTOR GROUP,PAARL,30,,,
BOLAND ISUZU (NEW),PAARL,30,,,
BOSVELD MOTORS GROUP,LEPHALALE,30,,,
BOSVELD MOTORS ISUZU,LEPHALALE,30,,,
BOSVELD MOTORS SUZUKI,LEPHALALE,30,,,
BOTTARI GROUP,NIGEL,30,,-26.4314,28.47713
BOTTARI GROUP,NIGEL,30,,-26.4314,28.47713
BOUDEL MOTOR GROUP,PAARL,30,,,
BR DIENSTE - BETHLEHEM OUTLET,BETHLEHEM,30,,,
BR DIENSTE - FRANKFORT OUTLET,FRANKFORT,30,,,
BR DIENSTE - FRANKFORT OUTLET,BETHLEHEM,30,,,
BR DIENSTE GROUP,REITZ,30,,-27.8014,28.42726
BR DIENSTE - HARRISMITH OUTLET,HARRISMITH,30,,-28.2728,29.12946
BR DIENSTE - HARRISMITH OUTLET,HARRISMITH,30,,-28.2728,29.12946
BR DIENSTE - HARRISMITH OUTLET,BETHLEHEM,30,,,
BR DIENSTE - LADYBRAND OUTLET,LADYBRAND,30,,-29.1945,27.45739
BR DIENSTE - LADYBRAND OUTLET,BETHLEHEM,30,,,
BR DIENSTE - LADYBRAND OUTLET,BETHLEHEM,30,,,
BR DIENSTE - REITZ OUTLET,REITZ,30,,-27.8014,28.42726
BR DIENSTE - REITZ OUTLET,BETHLEHEM,30,,,
BR DIENSTE - REITZ OUTLET,BETHLEHEM,30,,,
BRAND FORD & MAZDA,VREDENDAL,60,,-31.6683,18.50119
BRAMAR AUTO,BOKSBURG,30,,-26.212,28.25958
BRAND MOTOR GROUP,VREDENDAL,60,,-31.6683,18.50119
BRAZEN MOTORS GROUP,BRITS,30,,,
BRACKENFELL MULTIFRANCHISE,BRACKENFELL,90,,,
BRAND NISSAN,VREDENDAL,60,,-31.6683,18.50119
BR DIENSTE...," Reitz, 9810",30,,-27.8,28.4333
BR DIENSTE...,"Frankfort, 9830",30,,-27.2833,28.5
BR DIENSTE,BETHLEHEM,30,,,
 BR DIENSTE...," Ladybrand, 9745",30,,-29.2,27.45
 BR DIENSTE...,"Harrismith, 9880",30,,-28.2833,29.1333
MOTUS TOYOTA PARKTOWN,FORDSBURG,180,,,
BRITS AUTO GROUP (PTY) LTD,BRITS,60,,-25.6347,27.78022
BRITS FORD AND MAZDA,BRITS,30,,-25.6347,27.78022
NEW ORDER INVESTMENTS 46 (PTY) LTD T/A BRITS NISSA,BRITS,60,,-25.6347,27.78022
BRIAN THOMPSON GROUP,PORT SHEPSTONE,30,,-30.7414,30.45499
BRISKTRADE GROUP,KNYSNA,30,,-34.0363,23.04713
BROKENSHAS,ESTCOURT,30,,,
RENAULT BRONKHORSTSPRUIT,BRONKHORSTSPRUIT,30,,-25.8102,28.74248
BRUMA NISSAN,PARK MEADOWS,30,,,
BUFFALO MOTORS,CENTURION,30,,,
BUFFALO TOYOTA,KING WILLIAMS TOWN,180,,,
BUFFALO TOYOTA EAST LONDON,EAST LONDON,180,,,
BUFFALO TOYOTA MTHATHA,MTHATHA,180,,,
BULTFONTEIN TOYOTA,BULTFONTEIN,90,,,
BUNDU LODGE,PAARL,30,,,
BURGERSFORT TOYOTA,BURGERSFORT,14,,,
SMG TOYOTA HILLCREST,HILLCREST,90,,,
BUSHMANS LANDINI (ESTCOURT BRANCH) LMC TRACTORS (P,ESTCOURT,30,,,
C P NEL MOSSELBAAI I...,"Mosselbay, 6506",30,,,
C P NEL MOSSEL BAY,MOSSEL BAY,30,,-34.1831,22.14605
ROLA GM CALEDON,CALEDON,60,,-34.23,19.4265
CAPITAL AUTO WORLD,MIDRAND,7,,-25.9895,28.12843
CAPE TOWN MULTIFRANCHISE,CAPE TOWN,90,,-33.9258,18.42322
CARS @ NOOK,VANDERBIJLPARK,30,,-26.7117,27.83795
CARBON BLACK AUTO,RIVONIA,14,,,
CARA-CAMP,SOMERSET,30,,,
CARTER CHERY/MITSUBISHI BRONKHORSTSPRUIT,BRONKHORSTSPRUIT,30,,-25.8102,28.74248
CAR CITY,SECUNDA,30,,-26.55,29.16667
CARS.COM2,PRETORIA,14,,-25.7449,28.18783
CAR GUYS GAUTENG GROUP,PRETORIA,30,,-25.7449,28.18783
CAR GUYS GEZINA,PRETORIA,30,,-25.7449,28.18783
CARTER MAHINDRA BRONKHORSTSPRUIT,BRONKHORSTSPRUIT,30,,-25.8102,28.74248
CARTER MITSUBISHI MELROSE,SANDTON,30,,,
CARPORT MOTORS,POLOKWANE,30,,,
CARGO MOTORS BEDFORDVIEW,EDENVALE,180,,,
CARDINALS MOTOR CORPORATION,BOKSBURG,14,,-26.212,28.25958
CARTER NISSAN BRONKHORSTSPRUIT,BRONKHORSTSPRUIT,30,,-25.8102,28.74248
CARTER RENAULT/HAVAL BRONKHORSTSPRUIT,BRONKHORSTSPRUIT,30,,-25.8102,28.74248
CARTER RENAULT MELROSE,SANDTON,30,,,
CARTER RENAULT SPRINGFIELD,SPRINGFIELD,30,,,
CAR SALES EXCLUSIVE,SANDTON,30,,,
CAR GUYS,PRETORIA,30,,-25.7449,28.18783
CARS AT MOFFET,"FAIRVIEW, PORT ELIZABETH",30,,-33.918,25.57007
CARTER SUZUKI ROSEBANK,ROSEBANK,30,,-26.1456,28.03589
CARLTONVILLE TOYOTA,CARLETONVILLE,7,,,
CASSEYS AUTO SPRINGS,SPRINGS,30,,-26.2584,28.47173
CASSEYS BENONI,BENONI,30,,-26.1885,28.32078
CASSIMPARK MOTORS,ERMELO,30,,,
CAT MOTORS,CRADOCK,30,,,
SELECT AUTO GROUP,PRETORIA,30,,-25.7449,28.18783
DROOMERS YAMAHA,BELLVILLE,30,,,
CAYENNE DROOMERS GROUP,SOMERSET WEST,30,,-34.084,18.82113
CELSUM KIMBERLEY,KIMBERLEY,30,,-28.7323,24.76232
CELSUM MULTI FRANCHISE,WELKOM,14,,-27.9774,26.73506
CELSUM MULTIFRANCHISE GROUP,WELKOM,30,,-27.9774,26.73506
NMI LEXUS CENTURION,PRETORIA,14,,-25.7449,28.18783
CENTRAL NISSAN,BLOEMFONTEIN,30,,-29.1211,26.214
CHANGAN CENTURION,CENTURION,30,,-25.8589,28.18577
NORTH MOTOR ENTERPRISES PTY LTD T/A CHANGAN CLAREM,CAPE TOWN,30,,,
,,30,,,
,,30,,,
CHANGAN KIMBERLEY,KIMBERLEY,60,,-28.7323,24.76232
CHATZMAX,JOHANNESBURG,14,,-26.2023,28.04363
CHANGAN EAST LONDON,EAST LONDON,60,,-33.0153,27.91162
CHANGAN GEORGE,GEORGE,30,,-33.963,22.46173
CHANGAN MBOMBELA,NELSPRUIT,30,,-25.4745,30.97033
CHANGAN PORT ELIZABETH,PORT ELIZABETH,30,,-33.918,25.57007
NORTH MOTOR GROUP PTY LTD T/A CHANGAN RIVONIA,SANDTON,30,,,
T/A CHANGAN VEREENIGING,VEREENIGING,60,,-26.6731,27.92615
CHANGAN WITBANK,WITBANK,7,,-25.8713,29.23323
CHANGAN RICHARDS BAY,RICHARDS BAY,30,,-28.783,32.03768
CHERY ALBERTON,ALBERTON,60,,-26.2679,28.12225
CHERY BOKSBURG,BOKSBURG,120,,-26.212,28.25958
CHERY CAPE TOWN CBD,CAPE TOWN,60,,-33.9258,18.42322
AUTHENTIQUE AUTOS,BELLVILLE,30,,,
CHERY DURBAN,DURBAN,30,,,
CHERY EAST LONDON,EAST LONDON,60,,-33.0153,27.91162
CHERY EDENVALE,EDENVALE,30,,-26.141,28.15247
CHERY GROBLERSDAL,GROBLERSDAL,30,,-25.1684,29.39412
CHERY JOHANNESBURG CITY,AMALGAM,30,,,
CHERY KEMPTON PARK,KEMPTON PARK,14,,-26.1086,28.2377
 CHERY KEMPTON PARK...,Kempton park,14,,-26.1086,28.2377
CHERY KING WILLIAMS TOWN,KING WILLIAMS TOWN,60,,-32.8803,27.39454
CHERY KLERKSDORP,KLERKSDORP,30,,-26.8521,26.66672
CHERY KLEIN KAROO,OUDTSHOORN,30,,-33.6005,22.19955
CHERY KOKSTAD,KOKSTAD,30,,-30.5472,29.42412
MOTUS CHERY KROONSTAD,KROONSTAD,180,,-27.6504,27.23488
CHERY KRUGERDORP,KRUGERSDORP,180,,-26.0858,27.77515
CHERY LENASIA,LENASIA,60,,-26.3205,27.83564
CHERY LICHTENBURG,LICHTENBURG,180,,-26.152,26.15968
CHERY LYDENBURG,MASHISHING,60,,,
CHERY MAHIKENG,MAHIKENG,60,,-25.8652,25.64421
CHERY MBOMBELA,NEWSPRUIT (MBOMBELA),30,,,
CHERY MIDDELBURG,MIDDELBURG,30,,,
ULTRA MOTORS GROUP,WELKOM,30,,,
RENAULT WELKOM,WELKOM,14,,-27.9774,26.73506
CHERY NEWCASTLE,NEWCASTLE,30,,-27.7525,29.93568
CHERY OUDTSHOORN,OUDTSHOORN,14,,-33.6005,22.19955
CHERY PHALABORWA,PHALABORWA,60,,-23.943,31.14107
CHERY PIET RETIEF,PIET RETIEF,30,,-27.0071,30.81323
CHERY GQEBERHA,PORT ELIZABETH,60,,-33.918,25.57007
CHERY QUEENSTOWN,QUEENSTOWN,60,,-31.8976,26.87533
CHERY ROODEPOORT,ROODEPOORT,30,,-26.1625,27.8725
CHERY BLOEMFONTEIN,BLOEMFONTEIN,30,,-29.1211,26.214
CHERY TYGERVALLEY,CAPE TOWN,30,,-33.9258,18.42322
CHERY TOTI,AMANZIMTOTI,60,,,
CHERY TZANEEN,TZANEEN,60,,-23.8332,30.16351
CHERY WELKOM,DAGBREEK,30,,,
CMH CHERY HATFIELD,PRETORIA,90,,-25.7449,28.18783
DICLA FARM & SEED (PTY) LTD,Muldersdrift,14,,,
CITROEN WESTRAND...,Roodepoort,30,,-26.1625,27.8725
CITROEN WESTRAND,RUMSIG,30,,,
CITROEN WESTRAND,RUMSIG,30,,,
CHRYSLER JEEP DODGE EAST RAND,BOKSBURG,120,,-26.212,28.25958
CLEARWATER SUZUKI,ROODEPOORT,60,,-26.1625,27.8725
CMH HONDA AUTO PINETOWN,PINETOWN,90,,-29.8207,30.88674
CMH BALLITO,BALLITO,90,,-29.536,31.21396
CMH VOLVO CARS FOURWAYS,BRYANSTON,90,,,
CMH CHERY FOURWAYS,SANDTON,90,,,
CMH CHERY GROUP,PRETORIA,30,,-25.7449,28.18783
CMH CHERY HATFIELD,PRETORIA,90,,-25.7449,28.18783
CMH CHERY WESTRAND,ROODEPOORT,90,,-26.1625,27.8725
CMH PINETOWN COMMERCIAL,PINETOWN,90,,,
CMH COMMERCIAL NORTH COAST,CORNUBIA,30,,,
CMH DATSUN BALLITO,BALLITO,90,,-29.536,31.21396
CMH DATSUN BALLITO,BALLITO,90,,-29.536,31.21396
CMH DATSUN CAPE TOWN,CAPE TOWN,30,,-33.9258,18.42322
CMH DATSUN GROUP,CAPE TOWN,30,,-33.9258,18.42322
CMH DATSUN HILLCREST,HILLCREST,90,,-29.7748,30.76396
CMH DATSUN MIDRAND,MIDRAND,90,,-25.9895,28.12843
CMH DATCENTRE PIETERMARITZBURG,PIETERMARITZBURG,90,,-29.6168,30.39278
CMH DATSUN SANDTON,JOHANNESBURG,90,,-26.2023,28.04363
CMH DATSUN DURBAN,DURBAN,90,,,
CMH EAST RAND SUBARU,BOKSBURG,90,,-26.212,28.25958
FIAT & JEEP CAPE TOWN,CAPE TOWN,90,,-33.8967,18.51168
CMH FIAT & JEEP GROUP,CAPE TOWN,30,,-33.9258,18.42322
CMH  FIAT & JEEP UMHLANGA,MT EDGECOMBE,90,,-29.7067,31.0251
CMH FOTON TRUCKS N4 GATEWAY,SILVER LAKES PRETORIA,90,,-25.7449,28.18783
CMH UMHLANGA GM,UMHLANGA,90,,,
CMH GENERAL MOTORS GROUP,DURBAN,30,,,
CMH GROUP,DURBAN,30,,-29.8579,31.0292
CMH HAVAL CAPE TOWN,CAPE TOWN,90,,-33.9258,18.42322
CMH HAVAL GROUP,ROODEPOORT,30,,-26.1625,27.8725
CMH HAVAL SILVER LAKES,PRETORIA,90,,-25.7449,28.18783
CMH SUZUKI HILLCREST,HILLCREST,90,,-29.7748,30.76396
CMH HONDA GROUP,DURBAN,30,,-29.8579,31.0292
CMH HONDA UMHLANGA,MT EDGECOMBE,90,,-29.7067,31.0251
CMH INFINITI GROUP,DURBAN,30,,-29.8579,31.0292
CMH JAGUAR GROUP,DURBAN,30,,-29.8579,31.0292
CMH JAGUAR MENLYN,PRETORIA,90,,-25.7449,28.18783
CMH LANDROVER GROUP,DURBAN,30,,-29.8579,31.0292
CMH MAHINDRA CLEARWATER,ROODEPOORT,90,,-26.1625,27.8725
CMH MAZDA DURBAN,DURBAN,90,,,
CMH MAZDA GROUP,PRETORIA,30,,-25.7449,28.18783
CMH MAZDA HATFIELD,PRETORIA,90,,-25.75,28.24032
CMH MAZDA MENLYN,PRETORIA,90,,-25.7449,28.18783
CMH MAZDA RANDBURG,JOHANNESBURG,90,,-26.2023,28.04363
CMH MAZDA UMHLANGA...,Phoenix,90,,,
CMH MAZDA UMHLANGA,UMHLANGA,90,,-29.7253,31.08583
CMH MG THE GLEN,JOHANNESBURG,90,,-26.2023,28.04363
CMH MG DURBAN,DURBAN,90,,,
CMH MG GROUP,DURBAN,30,,-29.8579,31.0292
CMH MG PINETOWN,DURAN,90,,,
CMH NISSAN MIDRAND,MIDRAND,90,,-25.9895,28.12843
CMH MIDRAND RENAULT,MIDRAND,90,,-25.9895,28.12843
CMH MITSUBISHI BALLITO,BALLITO,90,,-29.536,31.21396
CMH MITSUBISHI BALLITO,BALLITO,90,,-29.536,31.21396
CMH MITSUBISHI GROUP,PRETORIA,30,,-25.7449,28.18783
CMH MITSUBISHI HATFIELD,PRETORIA,90,,-25.7449,28.18783
CMH MITSUBISHI HATFIELD,PRETORIA,90,,-25.7449,28.18783
CMH MITSUBISHI MENLYN,PRETORIA,90,,-25.7449,28.18783
CMH MITSUBISHI MENLYN,PRETORIA,90,,-25.7449,28.18783
CMH MITSUBISHI MIDRAND,MIDRAND,90,,-25.9895,28.12843
CMH MITSUBISHI PINETOWN,PINETOWN,90,,-29.8207,30.88674
CMH MITSUBISHI SOUTH,JOHANNESBURG,90,,-26.2023,28.04363
CMH MITSUBISHI WESTRAND,ROODEPOORT,90,,-26.1625,27.8725
CMH NISSAN BALLITO,BALLITO,90,,-29.536,31.21396
CMH NISSAN BALLITO,BALLITO,90,,-29.536,31.21396
CMH NISSAN DIESEL,DURBAN,30,,-29.8579,31.0292
CMH NISSAN GROUP,DURBAN,30,,-29.8579,31.0292
CMH NISSAN SANDTON,BRYANSTON,90,,,
CMH OPEL UMHLANGA,MT EDGECOMBE,90,,-29.7067,31.0251
CMH PEUGEOT & CITROEN SILVER LAKES,PRETORIA,90,,-25.7449,28.18783
CMH PEUGEOT CITROEN CAPE TOWN,CAPE TOWN,90,,-33.9258,18.42322
CMH PEUGEOT DURBAN,DURBAN,90,,,
CMH PEUGEOT EAST RAND,BOKSBURG,90,,-26.212,28.25958
CMH PEUGEOT GROUP,UMHLANGA,30,,,
CMH PEUGEOT UMHLANGA,MT EDGECOMBE,90,,-29.7067,31.0251
CMH DATSUN PIETERMARITZBURG,PIETERMARITZBURG,90,,-29.6168,30.39278
CMH DATSUN PINETOWN,PINETOWN,90,,-29.8207,30.88674
CMH PINETOWN MULTIFRANCHISE,PINETOWN,90,,,
CMH VOLVO CARS SILVER LAKES,PRETORIA,90,,-25.7449,28.18783
CMH RENAULT BALLITO,BALLITO,90,,-29.536,31.21396
CMH RENAULT GROUP,DURBAN,30,,-29.8579,31.0292
CHERY SILVER LAKES,PRETORIA,30,,-25.7449,28.18783
CMH SUBARU GROUP,BOKSBURG,30,,-26.212,28.25958
CMH SUZUKI BALLITO,BALLITO,90,,-29.536,31.21396
CMH SUZUKI BALLITO,BALLITO,90,,-29.536,31.21396
CMH SUZUKI GROUP,DURBAN,30,,-29.8579,31.0292
CMH SUZUKI SILVER LAKES,PRETORIA SILVER LAKES,90,,,
CMH TATA DURBAN,DURBAN,30,,,
CMH TATA HATFIELD,HATFIELD PRETORIA,30,,-25.7449,28.18783
CMH TATA PIETERMARITZBURG,PIETERMARITZBURG,30,,-29.6168,30.39278
CMH TATA RANDBURG,RANDBURG,30,,-26.0941,28.00123
CMH TOYOTA AND LEXUS GROUP,DURBAN,30,,,
CMH TOYOTA MELROSE,MELROSE ARCH,90,,,
CMH VOLVO GROUP,DURBAN,30,,-29.8579,31.0292
CMH VOLVO CARS WEST RAND,ROODEPOORT,90,,-26.1625,27.8725
C M L GROUP (PTY) LTD,PHALABORWA,60,,-23.943,31.14107
TWO TONE TRADE 14 CC,UPINGTON,30,,-28.4478,21.25612
CORONA MOTORS,PRETORIA,30,,,
CORONA MOTOR GROUP,PRETORIA,30,,,
CRADOCK MAZDA,CRADOCK,30,,-32.1642,25.61918
 CRADOCK MAZDA...,Port Elizabeth,30,,-33.918,25.57007
EAGLE CANYON AUTO ITSA,ROODEPOORT,120,,-26.1625,27.8725
D T M HELDERBERG,STRAND,60,,,
RENAULT  ZULULAND,RICHARDS BAY,30,,-28.783,32.03768
DALY LAND ROVER & JAGUAR POTCHEFSTROOM,POTCHEFSTROOM,30,,-26.7167,27.1
DALY LAND ROVER & JA...,Klerksdorp,30,,-26.8521,26.66672
DALY MAZDA,KLERKSDORP,60,,-26.8521,26.66672
DAMPIER DATSUN,ALIWAL NORTH,30,,-30.6937,26.71141
DAMPIER ISUZU,ALIWAL NORTH,30,,-30.6937,26.71141
DAMPIER GROUP,ALIWAL NORTH,30,,-30.6937,26.71141
DAMPIER NISSAN,ALIWAL NORTH,30,,-30.6937,26.71141
DANIE HOLLENBACH MOTORS,DURBAN,30,,,
CMH NISSAN DURBAN,DURBAN,90,,,
DATSUN EASTERN CAPE,PORT ELIZABETH,30,,-33.918,25.57007
CMH NISSAN HILLCREST,HILLCREST,90,,-29.7748,30.76396
DATSUN KING WILLIAMS TOWN,KING WILLIAMS TOWN,30,,-32.8803,27.39454
DATNIS NISSAN,KING WILLIAMS TOWN,60,,-32.8803,27.39454
CMH NISSAN PIETERMARITZBURG,PIETERMARITZBURG,90,,-29.6168,30.39278
CMH NISSAN PINETOWN,PINETOWN,90,,-29.8207,30.88674
DAVID HERLEY GROUP,TRICHARDT,30,,,
DAYTONA,SANDTON,30,,-26.1039,28.06083
DAYTONA DIRECT (PTY) LTD,MELROSE ARCH,30,,,
D C DISTRIBUTION AGENCY,BEREA,30,,,
T/A DE AAR MOTORS,DE AAR,30,,,
DE AAR MOTORS,DE AAR,90,,,
DELMAS DATSUN,DELMAS,30,,-26.1466,28.68322
DELMAS NISSAN,DELMAS,30,,-26.1466,28.68322
DERIK SCORER GROUP,HYDE PARK,30,,,
DERICK SMITH GROUP,PRETORIA NORTH,30,,-25.682,28.17477
DFSK AMANZIMTOTI,UMBOGINTWINI,30,,,
DFSK BOKSBURG,BOKSBURG,14,,-26.212,28.25958
DFSK CARNIVAL,BRAKPAN,14,,-26.2366,28.36938
DFSK GQEBERHA,PORT ELIZABETH,30,,-33.918,25.57007
DFSK JHB SOUTH,RIDGEWAY,30,,,
DFSK KEMPTON PARK,KEMPTON PARK,30,,-26.1086,28.2377
DFSK PINETOWN,PINETOWN,14,,-29.8207,30.88674
DFSK WESTRAND,FLORIDA,30,,,
DICLA FARM GROUP,"MULDERSDRIFT, KRUGERSDORP",30,,-26.0858,27.77515
DICLA FARM AND SEED - MASSEY FERGUSON OUTLET,"MULDERSDRIFT, KRUGERSDORP",14,,-26.0858,27.77515
DILSE FAITH GROUP,RIVONIA,30,,,
DOCRAT GROUP,NEWCASTLE,14,,,
DONGFENG PRETORIA,WONDERBOOM SOUTH,30,,-25.7021,28.20319
DONVOL GROUP,STELLENBOSCH,30,,-33.9346,18.86676
DRAKENSBERG AGRICULTURAL SERVICES (PTY) LTD,BERGVILLE,30,,,
DRIVE RITE,KYALAMI PARK,30,,-25.9915,28.07316
DROSDY GRIEVE GROUP,WORCESTER,30,,,
DROSTDY TOYOTA,GRAAFF REINET,30,,-32.253,24.53665
DS CARS,CAPE TOWN,30,,-33.9258,18.42322
DTM GEORGE,GEORGE,60,,-33.963,22.46173
DTM PAARL,PAARL,30,,-33.7338,18.97523
DURBAN MULTIFRANCHISE,DURBAN,90,,-29.8579,31.0292
HALLMARK PALMCREEK INVESTMENTS (PTY) LTD T/A DURBA,PROSPECTION ROAD,90,,,
DURBAN SOUTH TOYOTA...,"UMLAZI, 4066.",90,,,
TOMMY MARTIN EAGLE CANYON,ROODEPOORT,120,,-26.1625,27.8725
PEUGEOT CITROEN OPEL ARNOLD CHATZ,HONEYDEW,120,,,
EAGLE FORD MAZDA CORNER AUTO,JOHANNESBURG,60,,-26.2023,28.04363
EAGLE FOUR AND GROUP,JOHANNESBURG,30,,-26.2023,28.04363
EAGLE MAHINDRA,JOHANNESBURG,60,,-26.2023,28.04363
EASTVAAL MOTORS BETHAL,BETHAL,120,,,
EAST AUTO INDUSTRIAL (PTY) LTD,BETHAL,14,,-26.4579,29.46553
EASTVAAL AUTO MIDDELBURG,MIDDELBURG,120,,,
EASTVAAL AUTO TATA TRUCK,WITBANK,120,,-25.8713,29.23323
EASTVAAL MOTORCITY,WITBANK,120,,-25.8713,29.23323
EASTERN CAPE MOTORS - VOLVO PE,PORT ELIZABETH,60,,,
EASTERN CAPE MOTORS - VOLVO EAST LONDON,EAST LONDON,60,,,
EASTERN CAPE MOTORS GROUP,PORT ELIZABETH,30,,,
EASTVAAL CHERY POTCHEFSTROOM,POTCHEFSTROOM,120,,-26.7167,27.1
KOHLER AUTO,WITBANK,120,,-25.8713,29.23323
EASTVAAL JAC MIDDELBURG,MIDDELBURG,120,,,
EASTVAAL KIA SECUNDA,SECUNDA,120,,-26.55,29.16667
EASTVAAL MOTORS (PTY) LTD,POTCHEFSTROOM,120,,,
EASTVAAL MAZDA EMALAHLENI,WITBANK,120,,-25.8713,29.23323
EASTVAAL MITSUBISHI MIDDELBURG,MIDDELBURG,120,,,
EASTVAAL MOTORS BETHAL RENAULT,BETHAL,120,,,
EASTVAAL MOTORS GROUP,MIDDELBURG,120,,,
HONDA AUTO WITBANK,EMALAHLENI,120,,-25.8713,29.23323
EAST RAND MALL DATSUN,BOKSBURG,180,,-26.212,28.25958
CMH EAST RAND,BOKSBURG,90,,-26.212,28.25958
MOTUS NISSAN EAST RAND MALL,BOKSBURG,180,,-26.212,28.25958
EAST RAND TOYOTA,BOKSBURG,180,,,
EASTVAAL RENAULT POTCHEFSTROOM,POTCHEFSTROOM,120,,-26.7167,27.1
EASTVAAL RENAUT SECUNDA,SECUNDA,120,,-26.55,29.16667
EASTVAAL MOTORS SECUNDA,SECUNDA,120,,,
EASTVAAL SUZUKI EMALAHLENI,EMALAHLENI,120,,-26.018,29.1621
EAST TOYOTA,ESHOWE,30,,-28.8787,31.47676
EC DE WET VERVOER ON BEHALF OF AFGRI GROUP HOLDING,KESTELL,30,,,
EAST RAND CARAVAN WORLD,BOKSBURG,30,,-26.212,28.25958
EDENVALE NISSAN,EDENVALE,120,,,
EGM,BLOEM,30,,,
EGOLI AUTO GROUP,JOHANNESBURG,30,,-26.2023,28.04363
EICHER QUEENSTOWN,QUEENSTOWN,30,,-31.8976,26.87533
ELITE AUTO,VEREENIGING,30,,-26.6731,27.92615
ELMAR AUTO,MODIMOLLE,30,,-24.6972,28.40951
ELOFF SERVICE STATION CC,ERONGO,30,,,
ELT COMMERCIAL ASIA,JOHANNESBURG,30,,-26.2023,28.04363
EMALAHLENI MULTI FRANCHISE,EMALAHLENI,120,,-26.018,29.1621
ISUZU DURBAN NORTH,DURBAN,60,,-29.8579,31.0292
ERMELO ELITE MOTORS,ERMELO,30,,,
ERMELO TOYOTA,ERMELO,30,,,
ERMELO TRUCK AND TRACTOR,ERMELO,14,,-26.5333,29.98333
EVEREST MOTORING,MPUMALANGA,30,,-26,30
EXECUTIVE CAR SOURCING (PTY) LTD,EDENVALE,30,,,
EXECUTIVE TOYS GROUP,SUNNIGHILL,30,,,
FARM MAINTANANCE SERVICES,PIETERMARITZBURG,30,,-29.6168,30.39278
FARMTRAC DUNDEE (PTY) LTD,DUNDEE,30,,,
FAST POWERSPORTS,RICHARDS BAY,30,,-28.783,32.03768
FAST POWERSPORTS,RICHARDS BAY,30,,-28.783,32.03768
FAST POWERSPORTS,RICHARDS BAY,30,,-28.783,32.03768
FAW MBOMBELA,MBOMBELA,30,,-25.4745,30.97033
FAW NEWCASTLE,NEWCASTLE,30,,,
FAW PIETERMARITZBURG,MKONDENI,30,,,
FAW ROODEPOORT,JOHANNESBURG,120,,-26.2023,28.04363
FCA CENTURION,CENTURION,120,,-25.8589,28.18577
MMG MAZDA NEWCASTLE,NEWCASTLE,60,,,
MAHINDRA KOKSTAD,KOKSTAD,60,,-30.5472,29.42412
MAHINDRA MTHATHA,MTHATHA,60,,-31.5889,28.78443
MAHINDRA NEWCASTLE,NEWCASTLE,60,,,
MAHINDRA SOUTH COAST,MARGATE,60,,,
SUPER GROUP FIAT AND ALFA,SANDTON,30,,,
FIAT & ALFA HELDERBERG,CAPE TOWN,60,,-33.9258,18.42322
FCA EAST RAND,BOKSBURG,120,,-26.212,28.25958
FIAT CHRYSLER FOURWAYS,SANDTON,90,,,
FIAT CHRYSLER FOURWA...,"sandton, GT,2192",90,,,
FIAT NEWCASTLE..,"NEWCASTLE, KW   2920 GRB",30,,,
FIAT NEWCASTLE,NEWCASTLE,30,,,
FICKSBURG TOYOTA,FICKSBURG,90,,-28.8681,27.87511
FILTERDIENSTE,BETHAL,30,,-26.4579,29.46553
FIRE IT UP,FOURWAYS,14,,,
FIRE IT UP CAPE TOWN,CAPE TOWN,30,,-33.9258,18.42322
FIRE IT UP GROUP,CAPE TOWN,30,,-33.9258,18.42322
FIRE IT UP PRETORIA,BOKSBURG,30,,-26.212,28.25958
FLEET DYNAMICS,Port Elizabeth,30,,-33.918,25.57007
FMGH GROUP,PINETOWN,30,,,
FMGH HILLCREST,HILLCREST,14,,-29.7748,30.76396
FORD STELLENBOSCH,STELLENBOSCH,30,,-33.9346,18.86676
FOSTERS TOYOTA...,Eldorado park Ext 2,14,,,
FOSTERS TOYOTA,ROODEPOORT,14,,,
GROUP 1 FOTON ALBERTON,ALBERTON,60,,-26.2679,28.12225
FOTON CENTURION,CENTURION,60,,-25.8589,28.18577
FOTON COMMERCIAL VEHICLES CAPE TOWN,KRAAIFONTEIN,30,,-33.8481,18.71723
FOTON EDENVALE,EDENVALE,120,,-26.141,28.15247
FOTON ESWATINI,MBABANE,30,,,
FOTON MBOMBELA,NELSPRUIT,120,,-25.4745,30.97033
FOTON NOVEL NAMIBIA,WINDHOEK,30,,,
FOTON KRUGERSDORP,ROODEPOORT,30,,-26.1625,27.8725
FOTON MTHATHA,MTHATHA,180,,-31.5889,28.78443
FOTON NELSPRUIT,NELSPRUIT,60,,-25.4745,30.97033
FOTON RUSTENBURG,RUSTENBURG,120,,-25.6676,27.24208
FOTON SPRINGS,SPRINGS,120,,-26.2584,28.47173
GROUP 1 FOTON THE GLEN,BASSONIA,60,,,
FOTON TRUCKS SHELLY BEACH,SHELLY BEACH,30,,-30.8006,30.41427
FOTON TZANEEN,TZANEEN,60,,-23.8332,30.16351
FOURBUY WHOLESALE,FOURWAYS,30,,,
FRANS VAN DER LINDE GROUP,VEREENIGING,30,,-26.6731,27.92615
FRANK VOS MOTORS,WORCESTER,14,,,
FRANK VOS ROBERTSON,ROBERTSON,14,,-33.8034,19.88537
FREEWAY TOYOTA,ORMONDE,14,,,
 FREEWAY TOYOTA...,Johannesburg,14,,-26.2398,28.00264
FSNC AUTO,BLOEMFONTEIN,30,,-29.1211,26.214
FURY FIAT AND JEEP PIETERMARITZBURG,PIETERMARITZBURG,30,,-29.6168,30.39278
FURY FIAT AND JEEP TOTI,AMANZIMTOTI,30,,,
FURY FORD & MAZDA TOTI,AMANZIMTOTI,30,,,
FURY FORD MIDRAND,MIDRAND,30,,-25.9819,28.12913
FURY FORD SANDTON,JOHANNESBURG,30,,-26.0242,27.9923
FURY FORD TOTI (SUMMIT AUTO TRADING),AMANZIMTOTI,30,,,
FURY FORD WOODMEAD,WOODMEAD,30,,-26.0471,28.08118
FURY FORD WOODMEAD (SUMMIT AUTO TRADING),WOODMEAD,30,,-26.0471,28.08118
FURY FORD WOODMEAD,WOODMEAD,30,,-26.0471,28.08118
FURY FOURWAYS,SANDTON,30,,,
FURY HAVAL MIDRAND,MIDRAND,30,,-25.9895,28.12843
FURY HAVAL SANDTON,SANDTON,30,,-26.0552,28.05943
HONDA AUTO PIETERMARITZBURG,PIETERMARITZBURG,30,,-29.6168,30.39278
FURY HONDA TOTI,AMANZIMTOTI,30,,,
FURY HYDE PARK,JOHANNESBURG,30,,-26.2023,28.04363
FURY ISUZU WOODMEAD(SUMMIT AUTO TRADING),WOODMEAD,30,,-26.0471,28.08118
FURY MAZDA FOURWAYS,JOHANNESBURG,30,,-26.2023,28.04363
FURY MAZDA PINETOWN...,"PINETOWN, 3600",30,,-29.8167,30.85
FURY MAZDA PINETOWN,PINETOWN,30,,-29.8207,30.88674
FURY MAZDA PINETOWN(SUMMIT AUTO TRADING),PINETOWN,30,,-29.8207,30.88674
FURY MAZDA WOODMEAD,RIVONIA,30,,,
FURY MIDRAND MAZDA,HALFWAY HOUSE,60,,-26.0053,28.12637
FURY PLATINUM SELECT,WOODEMEAD,30,,,
FURY RENAULT TOTI,AMANZIMTOTI,30,,,
FURY BAIC SANDTON,SANDTON,30,,-26.0552,28.05943
FURY SUZUKI FOURWAYS,FOURWAYS,60,,-26.0211,28.00917
FURY ISUZU WOODMEAD,WOODMEAD,30,,-26.0471,28.08118
G C GYPSEY,WITBANK,30,,-25.8713,29.23323
GAC BOKSBURG,JANSEN PARK,14,,,
GAC CENTURION,CENTURION,60,,-25.8589,28.18577
GAC EAST LONDON,EAST LONDON,60,,-33.0153,27.91162
GAC EDENVALE,EDENVALE,14,,-26.141,28.15247
GAC HATFIELD,PRETORIA,90,,-25.7449,28.18783
GAC & JMC GEORGE,GEORGE,30,,-33.963,22.46173
GAC AND JMC SPRINGFIELD,DURBAN NORTH,30,,-29.8025,31.02367
GAC MOTORS DURBAN,DURBAN,30,,,
GAC MOTOR JOHANNESBURG,JOHANNESBURG,30,,-26.2023,28.04363
GAC PIETERMARITZBURG,PIETERMARITZBURG,30,,-29.6168,30.39278
GAC Pinetown,"PINETOWN, KW   3600 GRB",30,,,
GAC AND JMC PINETOWN,PINETOWN,30,,-29.8207,30.88674
GAC POLOKWANE,LIMPOPO,90,,-23.9045,29.46885
GAC PORT ELIZABETH,MIRAMAR,60,,,
GAC WEST RAND,ROODEPOORT,60,,-26.1625,27.8725
GAC WITBANK,WITBANK,7,,-25.8713,29.23323
GARDEN CITY MOTORS SHELLY BEACH,SHELLY BEACH,90,,,
GARDEN CITY MOTORS PIETERMARITZBURG,PIETERMARITZBURG,90,,,
GCM CHERY SHELLY BEACH,SHELL BEACH,90,,,
GDP HOLDINGS GROUP,SANDTON,30,,,
GEELY AMANZIMTOTI,AMANZIMTOTI,30,,-30.0522,30.88527
GEELY DURBAN,DURBAN,30,,,
GEELY EAST LONDON,EAST LONDON,60,,-33.0153,27.91162
GEELY EDENVALE,EDENVALE,30,,-26.141,28.15247
GEELY FOURWAYS,SANDTON,30,,,
BENBA MOTORS,GOODWOOD,30,,,
GEELY GQEBERHA,PORT ELIZABETH,30,,-33.918,25.57007
GEELY KIMBERLEY,KIMBERLEY,60,,-28.7323,24.76232
GEELY ALBERTON,ALBERTON,30,,-26.2679,28.12225
GEELY BOKSBURG,BOKSBURG,30,,-26.212,28.25958
GEELY EMPANGENI,EMPANGENI,30,,-28.762,31.89329
GEELY HATFIELD,PRETORIA,30,,-25.7449,28.18783
GEELY MENLYN,MENLYN,30,,-25.7677,28.27503
T/A GEELY MIDDELBURG,MIDDELBURG,30,,,
GEELY SANDTON,JOHANNESBURG,30,,-26.2023,28.04363
T/A GEELY VEREENIGING,VEREENIGING,60,,-26.6731,27.92615
GEELY WEST RAND,JOHANNESBURG,30,,-26.2023,28.04363
GEELY MBOMBELA,NELSPRUIT,60,,-25.4745,30.97033
GEELY ONTDEKKERS,HELDERKRUIN,30,,,
GEELY PIETERMARITZBURG,PIETERMARITZBURG,30,,-29.6168,30.39278
GEELY PINETOWN,PINETOWN,30,,-29.8207,30.88674
GEELY POLOKWANE,POLOKWANE,120,,-23.9045,29.46885
GEELY RUSTENBURG,RUSTENBURG,120,,-25.6676,27.24208
GEELY TYGERVALLEY,CAPE TOWN,30,,-33.9258,18.42322
GEMINI OPEL & ISUZU,STANGER,30,,-29.3282,31.28954
GENIS MOTOR GROUP,PIET RETIEF,30,,-27.0071,30.81323
QEMBU MIDDELBURG,MIDDELBURG,30,,,
GEORGE BAIKIE GROUP,PORT SHEPSTONE,60,,-30.7414,30.45499
GEORGE BAIKIE GROUP,PORT SHEPSTONE,30,,-30.7414,30.45499
TWK GROUP,STANDTERTON,30,,,
GERRIT POTGIETER GROUP,HUMANSDORP,30,,,
GFI MOTOR CORPORATION GROUP,JOHANNESBURG,30,,-26.2023,28.04363
GLOBAL AUTOHAUS,RANDBURG,30,,,
BB GEZINA NISSAN,GEZINA,90,,,
BB HATFIELD NISSAN,PRETORIA,90,,-25.7449,28.18783
BB SILVERTON NISSAN,PRETORIA,90,,-25.7449,28.18783
BB SINOVILLE NISSAN,PRETORIA,90,,-25.6827,28.1909
NSB MOTORS,NIGEL,30,,,
GODRICH TOYOTA,BRONKHORSTSPRUIT,90,,,
GOLDEN ERA MOTORS,PRETORIA,30,,,
GOLDEN DIVIDEND GROUP,GEORGE INDUSTRIA,30,,,
GOLD REEF MULTIFRANCHISE,Johannesburg,30,,-26.2023,28.04363
GORDONIA MOTORS,UPINGTON,30,,,
GRAND CENTRAL FCA,MIDRAND,120,,-25.9895,28.12843
GRAND CENTRAL MOTORS CJD,MIDRAND,120,,,
GRAND CENTRAL MOTORS MERCEDES-BENZ,MIDRAND,30,,,
GRAAFF REINET AUTO,GRAAFF REINET,30,,-32.2522,24.53075
GREG HARVEY GROUP,QUEENSTOWN,30,,-31.8976,26.87533
GREG HARVEY GROUP,QUEENSTOWN,30,,-31.8976,26.87533
GRESSE MOTOR GROUP,UPINGTON,30,,-28.4478,21.25612
GRESSE MOTOR GROEP,UPINGTON,30,,-28.4478,21.25612
GROUP 1,UITENHAGE,30,,-33.7679,25.39782
LINDRIENA ENTREPRENEURS GROUP,UITENHAGE,30,,-33.7576,25.3971
GROUP 1 NISSAN STELLENBOSCH,CAPE TOWN,60,,-33.9258,18.42322
GROUP 1 NISSAN UITENHAGE,UITENHAGE,60,,-33.7576,25.3971
GROUP 1 NISSAN UITEN...,"Port Elizabeth, 6055",60,,-33.9667,25.5833
GROUP 1 NISSAN UITEN...,"Hyundai, Knysna",60,,-34.0363,23.04713
GROUP 1 ASHOK LEYLAND GEORGE,GEORGE,30,,-33.963,22.46173
GROUP 1 CHANGAN MIDRAND,MIDRAND,60,,-25.9895,28.12843
GROUP 1 GEELY MIDRAND,MIDRAND,60,,-25.9895,28.12843
GROUP 1 KNYSNA,KNYSNA,60,,-34.0317,23.03417
GROUP 1 KUILSRIVER,KUILSRIVER,60,,,
GROUP 1 MAHINDRA KUILSRIVER,KUILSRIVER,60,,,
GROUP 1 MAHINDRA MIDRAND,JOHANNESBURG,60,,-26.2023,28.04363
GROUP 1 MITSIBUSHI KUILSRIVER,KUILSRIVER,60,,,
GROUP 1 STELLENBOSCH,STELLENBOSCH,30,,-33.9596,18.85421
GROUP 1 STELLENBOSCH T/A OMODA AND JAECOO,STELLENBOSCH,60,,-33.9346,18.86676
ANGELS GROUP,MIDRAND,30,,-25.9895,28.12843
GROUP 1 CHERY LEPHALALE,ONVERWACHT LEPHALALE,30,,-23.6912,27.68828
GROUP 1 FOTON LEPHALALE,ONVERWACHT LEPHALALE,60,,-23.6912,27.68828
GROUP 1 GEELY KUILSRIVER,KUILSRIVER,30,,,
GROUP 1 JAC LEPHALALE,ONVERWACHT,60,,-23.6912,27.68828
GROUP 1 JAC STRAND,STRAND,30,,,
GROUP 1 NISSAN KUILSRIVIER,KUILSRIVIER,60,,-33.9421,18.70663
GROUP 1 NISSAN THE GLEN,BASSONIA,60,,,
GROUP 1 RENAULT STELLENBOSCH,STELLENBOSCH,60,,-33.9346,18.86676
GROUP 1 AUTO,ALBERTON,30,,,
GROUP 1 AUTO LEPHALALE,LEPHALALE,30,,-23.6661,27.74477
GROUP 1 AUTO LEPHALALE,LEPHALALE,30,,-23.6661,27.74477
GROUP 1 BAIC ALBERTON,ALBERTON,30,,-26.2679,28.12225
GROUP 1 BAIC KUILSRIVER,KUILSRIVER,30,,,
GROUP 1 CHANGAN KUILSRIVIER,KUILSRIVIER,30,,-33.9421,18.70663
GROUP 1 MITSUBISHI STELLENBOSCH,STELLENBOSCH,30,,-33.9346,18.86676
GROUP 1 OMODA & JAECOO KUILSRIVIER,KUILSRIVIER,60,,-33.9421,18.70663
GUS MARINE,SILVERFIELDS,30,,,
GWM ALBERTON...,Alberton,60,,-26.2679,28.12225
GWM ALBERTON,ALBERTON,60,,-26.2679,28.12225
BRAZEN MOTORS,PRETORIA,30,,,
GWM BOKSBURG,BOKSBURG,120,,-26.212,28.25958
GWM EAST LONDON,EAST LONDON,180,,-33.0153,27.91162
GWM EDENVALE,EDENVALE,30,,-26.141,28.15247
GWM FOURWAYS,SANDTON,180,,,
GWM GEORGE,GEORGE,60,,-34.0403,23.05268
GWM GEZINA,PRETORIA,30,,-25.7449,28.18783
GWM JHB SOUTH,JOHANNESBURG,60,,-26.2023,28.04363
GWM LYDENBURG,LYDENBURG,60,,-25.096,30.44393
GWM MOTORS VAAL,VEREENIGING,60,,,
GWM QUEENSTOWN,QUEENSTOWN,30,,-31.8976,26.87533
GWM RUSTENBURG,RUSTENBURG,30,,-25.6676,27.24208
GWM SELECT,PRETORIA,30,,-25.7449,28.18783
GWM SPRINGS,SPRINGS,30,,-26.2584,28.47173
GWM SWAKOPMUND,SWAKOPMUND,30,,,
HAVAL DURBAN,DURBAN,60,,,
GYS PITZER MOTORS LINDOPARK,PRETORIA,30,,,
HADDAD TRACTOR (PTY)LTD,GEORGE,30,,-33.963,22.46173
HALFWAY DURBAN CENTRAL OMODA-JAECOO,DURBAN,60,,-29.8579,31.0292
HALFWAY DURBAN CENTRAL JAC,DURBAN,60,,-29.8579,31.0292
HALFWAY MAHINDRA UMHLANGA,UMHLANGA,30,,-29.7253,31.08583
MG EMPANGENI,EMPANGENI,30,,-28.762,31.89329
HALFWAY HONDA JAC PORT SHEPSTONE,PORT SHEPSTONE,60,,-30.7414,30.45499
HALFWAY HYUNDAI KNYSNA,KNYSNA,60,,-34.0363,23.04713
HALFWAY HYUNDAI OUDTSHOORN,OUDTSHOORN,60,,-33.6005,22.19955
HALFWAY EMPANGENI MULTIFRANCHISE,SCOTTBURGH,60,,-30.2867,30.75316
HALLMARK DEALER GROUP,VEREENIGING,30,,-26.6731,27.92615
HALLMARK MOTOR GROUP,VEREENIGING,30,,-26.6731,27.92615
HALFWAY MG KUILSRIVER,KUILSRIVER,30,,,
HALFWAY TOYOTA FOURWAYS,SANDTON,90,,,
HALFWAY TOYOTA HOWICK,HOWICK,90,,,
HALFWAY TOYOTA MALANDA,UMKOMAAS,90,,,
HALFWAY TOYOTA OTTERY,OTTERY,90,,-34.0177,18.51701
HALFWAY TOYOTA SCOTTBURGH,SCOTTBURGH,90,,,
HALFWAY TOYOTA SCOTT...,"WIDENHAM, 4170",90,,,
HALFWAY TOYOTA SCOTT...,"PARK RYNIE, 4182",90,,,
HALFWAY TOYOTA SHELLY BEACH,SHELLY BEACH,90,,,
HALFWAY TOYOTA SHELL,"PORT SHEPSTONE, 4240",90,,,
HINO SHELLY BEACH,IZOTSHA,90,,,
HAMPSON AUTO,SCOTTBURGH,60,,-30.2867,30.75316
HARLYN INTERNATIONAL,RANDBURG,30,,-26.084,27.97018
HATFURY FIAT & JEEP PMB,PIETERMARITZBURG,60,,-29.6168,30.39278
HATFURY FIAT & JEEP RICHARDS BAY,RICHARDS BAY,30,,-28.783,32.03768
HATFURY FIAT & JEEP TOTI,AMANZIMTOTI,30,,,
HATFURY GROUP,WOODMEAD,30,,,
T/A FURY HAVAL MIDRAND,MIDRAND,60,,-25.9895,28.12843
HAVAL WOODMEAD,WOODMEAD,60,,-26.0471,28.08118
HATFURY HONDA PMB,PIETERMARITZBURG,60,,-29.6168,30.39278
HATFURY HONDA TOTI,AMANZIMTOTI,30,,,
HATFURY ISUZU RICHARDS BAY,RICHARDS BAY,60,,-28.783,32.03768
T/A ISUZU WOODMEAD,WOODMEAD,60,,-26.0471,28.08118
T/A FURY MAZDA FOURWAYS,FOURWAYS,60,,-26.0211,28.00917
FURY MAZDA MIDRAND,MIDRAND,60,,-25.9819,28.12913
T/A FURY MAZDA PINETOWN,PINETOWN,60,,-29.8207,30.88674
MAZDA WOODMEAD,WOODMEAD,60,,-26.0471,28.08118
HATFURY RENAULT TOTI,AMANZIMTOTI,60,,,
T/A FURY SUZUKI FOURWAYS,FOURWAYS,60,,-26.0211,28.00917
HATFURY SUZUKI PMB,PIETERMARITZBURG,60,,-29.6168,30.39278
HAVAL WESTRAND AND MAHINDRA WESTRAND,ROODEPOORT,30,,-26.1625,27.8725
HAVAL BENONI,BENONI,120,,-26.1885,28.32078
HAVAL BETHLEHEM,BLOEMFONTEIN,30,,-29.1211,26.214
HAVAL BLOEMFONTEIN,BLOEMFONTEIN,30,,-29.1211,26.214
BRITS CARS (PTY) LTD T/A HAVAL BRITS,BRITS,60,,-25.6347,27.78022
HAVAL BRONKHORSTSPRUIT,BRONKHORSTSPRUIT,30,,-25.8102,28.74248
HAVAL BRUMA,JOHANNESBURG,30,,-26.2023,28.04363
HAVAL DURBAN,DURBAN,30,,,
HAVAL ESTCOURT,ESTCOURT,30,,-29.0127,29.86619
 HAVAL ESTCOURT...,"ESTCOURT, KZN",30,,,
,,30,,,
HAVAL GWM SPRINGS,SPRINGS,7,,-26.2584,28.47173
HAVAL HATFIELD,HATFIELD,30,,,
HAVAL KING WILLIAMS TOWN,KING WILLIAMS TOWN,30,,-32.8803,27.39454
HAVAL KNYSNA,KNYSNA,30,,-34.0403,23.05259
HAVAL LITTLE FALLS,ROODEPOORT,90,,-26.1625,27.8725
HAVAL LOUIS TRICHARDT,LOUIS TRICHARDT,180,,-23.0439,29.90319
HAVAL MILNERTON,CAPE TOWN,60,,-33.9258,18.42322
HAVAL MOBENI...,Mobeni,30,,-29.9483,30.95039
HAVAL MOBENI,MOBENI,30,,-29.9483,30.95039
HAVAL MTHATHA,MTHATHA,180,,-31.5889,28.78443
HAVAL N1 CITY,CAPETOWN,180,,,
HAVAL NEWCASTLE...,Newcastle,30,,,
HAVAL NEWCASTLE,NEWCASTLE,30,,,
HAVAL NORTHCLIFF,RANDBURG,30,,,
HAVAL PIET RETIEF,PIET RETIEF,30,,-27.0071,30.81323
HAVAL ROBERTSON,ROBERTSON,60,,-33.8034,19.88537
HAVAL SASOLBURG,SASOLBURG,60,,-26.8136,27.81695
HAVAL SHELLY BEACH,SHELLY BEACH,30,,-30.8006,30.41427
AUTO ALPINA SPRINGS,SPRINGS,30,,-26.2584,28.47173
HAVAL THE GLEN,JOHANNESBURG,60,,-26.2675,28.0596
HAVAL UPINGTON,UPINGTON,14,,-28.4478,21.25612
HAVAL VRYHEID...,Vryheid,30,,-27.7695,30.79165
HAVAL VRYHEID,VRYHEID,30,,-27.7695,30.79165
HAVAL HERMANUS,HERMANUS,60,,-34.4187,19.23446
HEIDELBERG MAHINDRA,HEIDELBERG,60,,,
ROLA TOYOTA SOMERSET WEST,SOMERSET WEST,90,,-34.078,18.82506
HENNIE'S TREKKERS BK,MALMESBURY,30,,-33.4608,18.72714
HERTZ,CAPE TOWN,180,,-33.9198,18.42072
HERMANUS TOYOTA,HERMANUS,7,,,
HEYCARTER GROUP,SANDTON,30,,,
HEY HALFWAY ASSAGAY,ASSAGAY,60,,,
T/A HEY HALFWAY ASSAGAY,PINETOWN,30,,,
HEY HALFWAY FOURWAYS,SANDTON,60,,,
HEY HALFWAY GOODWOOD,BELLVILLE,30,,,
HEY HALFWAY PARK RYNIE,PARK RYNIE,30,,-30.3159,30.74188
HEY HALFWAY TYGERVALLEY,BELVILLE,60,,,
HEYCARTER (PTY) LTD T/A SUZUKI ROSEBANK,ROSEBANK,30,,-26.1456,28.03589
HIGHVELD COMMERCIAL VEHICLES (PTY) LTD,VAALBANK,30,,,
HINO AUDENSBERG,WORCESTER,30,,,
HINO GEORGE,GEORGE,90,,-33.963,22.46173
HINO MIDDELBURG,MIDDELBURG,30,,,
NMI HINO MIDDELBURG,MIDDELBURG,14,,,
MOTUS HINO PAROW,CAPE TOWN,180,,-33.9258,18.42322
HI WAY MOTORS,DUNDEE,30,,-28.1603,30.24044
HOCHLAND AUTO KIMBERLEY,WELKOM,14,,-27.9774,26.73506
HOFFELDT AUTO,BRONKHORSTSPRUIT,30,,-25.8102,28.74248
HOFFELDT GROUP,BRONKHORSTSPRUIT,30,,-25.8102,28.74248
HOFFMANN HOLDINGS (ISUZU MODIMOLLE),MODIMOLLE,14,,-24.7,28.4
HONDA VEREENIGING,VEREENIGING,60,,-26.6731,27.92615
HONDA AUTO EAST LONDON,EAST LONDON,180,,-33.0153,27.91162
HONDA AUTO EAST RAND MALL,BOKSBURG,180,,-26.212,28.25958
HONDA AUTO GEORGE,GEORGE,60,,-33.963,22.46173
MOTORLAND KLERKSDORP,KLERKSDORP,30,,-26.8521,26.66672
HONDA AUTO LADYSMITH,LYNNWOOD,60,,,
HONDA AUTO POLOKWANE,POLOKWANE,90,,-23.9045,29.46885
HONDA AUTO NEWCASTLE,LYNNWOOD,90,,,
HONDA AUTO PORT ELIZABETH,PORT ELIZABETH,30,,-33.918,25.57007
HONDA AUTO RUSTENBURG,RUSTENBURG,30,,-25.6676,27.24208
NORTH MOTOR GROUP USED,BRYANSTON,90,,,
HONDA AUTO SOUTH COAST,SHELLY BEACH,30,,-30.8006,30.41427
HONDA AUTO TZANEEN,TZANEEN,90,,-23.8332,30.16351
HONDA AUTO WESTRAND,RODEPOORT,180,,,
HONDA AUTO BEDFORDVIEW,JOHANNESBURG,120,,-26.2023,28.04363
HONDA AUTO CENTURION,PRETORIA,30,,-25.7449,28.18783
HONDA HATFIELD,0028,90,,-25.7069,28.2294
HONDA AUTO HATFIELD,PRETORIA,90,,-25.7449,28.18783
HONDA AUTO HELDERBERG,SOMERSET WEST,60,,-34.084,18.82113
HONDA AUTO JOHANNESBURG SOUTH,JOHANNESBURG,30,,-26.2023,28.04363
HONDA AUTO MENLYN,MENLYNPRETORIA,90,,,
HONDA AUTO MIDRAND,MIDRAND,120,,-25.9895,28.12843
HONDA AUTO PINETOWN,DURBAN,90,,-29.8579,31.0292
HONDA AUTO PORT ELIZABETH,GQEBERTH,60,,,
NORTH MOTOR GROUP USED CARS,SUNNINGHILL,60,,,
HONDA SANDTON AND KIA BRYANSTON,BRYANSTON,180,,-26.0521,28.02805
HONDA SOUTH COAST...,"SHELLY BEACH, 4245",30,,-30.8006,30.41427
HONDA AUTO SHELLY BEACH,SHELLY BEACH,30,,-30.8006,30.41427
HONDA AUTO THE GLEN,BASSONIA,90,,,
HALFWAY TOYOTA HONEYDEW,NORTHRIDING,90,,,
 HONEYDEW TOYOTA...,Samrand Bussiness park,90,,,
HONDA UPINGTON,UPINGTON,60,,-28.4478,21.25612
BRITS CARS (PTY)LTD T/A HONDA WING BRITS,BRITS,60,,-25.6347,27.78022
HONDA WING CENTRAL,BLOEMFONTEIN,30,,-29.1211,26.214
HONDA WING GEORGE,GEORGE,30,,-33.963,22.46173
HUGH MORGAN GROUP,FLORIDA GELN,60,,,
HUMAN AUTO,BLOEMFONTEIN,30,,-29.1211,26.214
HUMAN HARLEY DAVIDSON,BLOEMFONTEIN,30,,-29.1211,26.214
HUMAN AUTO GROUP,BLOEMFONTEIN,30,,-29.1211,26.214
HUMANSDORP HYUNDAI.,Jeffreys bay,30,,-34.0507,24.9195
HUMANSDORP HYUNDAI,HUMANSDORP,30,,,
HUMANSDORP TOYOTA,HUMANSDORP,30,,-34.0258,24.77311
HUSQVARNA CENTRAL,BLOEMFONTEIN,30,,-29.1211,26.214
HUSQVARNA WEST,ROODEPOORT,30,,-26.1625,27.8725
HYUNDAI SANDTON...,Eastgate,30,,,
HYUNDAI  SANDTON,SANDTON,30,,-26.1181,27.95703
HYUNDAI AMANZIMTOTI...,Amanzimtoti,60,,-30.0522,30.88527
HYUNDAI AMANZIMTOTI,WARNER BEACH,60,,-30.0822,30.86579
HYUNDAI BALLITO...,"BALLITO,   4399",30,,-29.114,30.6772
HYUNDAI BALLITO,BALLITO,30,,-29.536,31.21396
BRITS CARS (PTY) LTD T/A HYUNDAI BRITS,BRITS,60,,-25.6347,27.78022
HYUNDAI BURGERSFORT,BURGERSFORT,30,,-24.6755,30.32877
HYUNDAI DURBAN SOUTH...,Mobeni,30,,,
HYUNDAI DURBAN SOUTH...,"ROSSBURGH,   4072",30,,-29.9,30.9667
HYUNDAI DURBAN SOUTH,ROSSBURGH,30,,,
 HYUNDAI DURBAN SOUTH...,"CHATSWORTH, 4051",30,,-29.8,31.0333
 HYUNDAI DURBAN SOUTH,"JACOBS, DURBAN, 4026",30,,-29.85,31.0167
HYUNDAI EAST LONDON,NAHOON,60,,,
HYUNDAI EAST LONDON,King Williams Town,60,,-32.8803,27.39454
HYUNDAI WATERBERG,LEPHALALE,14,,-23.6661,27.74477
HYUNDAI ESTCOURT,ESTCOURT,30,,-29.0127,29.86619
 HYUNDAI ESTCOURT...,"ESTCOURT, KW   3310 GRB",30,,,
HYUNDAI GRAHAMSTOWN,GRAHAMSTOWN,30,,-33.3042,26.53276
QEMBU GROBLERSDAL,GROBLERSDAL,30,,-25.1684,29.39412
GROUP 1 HYUNDAI KYNSNA,KNYSNA,30,,-34.0363,23.04713
 HYUNDAI KNYSNA...,"Port Elizabeth, 6055",30,,-33.9667,25.5833
 HYUNDAI KNYSNA...,"Uitenhage, 6229",30,,-33.7653,25.4022
HYUNDAI LADYSMITH..,"LADYSMITH,   3370",30,,-28.55,29.7833
HYUNDAI LADYSMITH,LADYSMITH,30,,-28.5587,29.77896
HYUNDAI LENASIA,LENASIA,14,,-26.3205,27.83564
HYUNDAI LOUIS TRICHARDT,LOUIS TRICHARDT,30,,-23.0439,29.90319
HYUNDAI LOUIS TRICHA...,Musina,30,,-22.4313,29.73116
T/A HYUNDAI LOUIS TRICHARDT,LOUIS TRICHARDT,14,,-23.0439,29.90319
HYUNDAI LYDENBURG,LYDENBURG,30,,-25.096,30.44393
HYUNDAI MALMESBURY,MALMESBURY,14,,,
GROUP 1 HYUNDAI MIDRAND,MIDRAND,30,,-25.9895,28.12843
HYUNDAI MOBENI...,"CHATSWORTH, 4051",30,,-29.8,31.0333
HYUNDAI MOBENI,DURBAN,30,,-29.8579,31.0292
 HYUNDAI MOBENI...,"JACOBS, DURBAN, 4026",30,,-29.85,31.0167
 HYUNDAI MOBENI...,Rossburgh,30,,,
HYUNDAI MODIMOLLE,MODIMOLLE,30,,-24.7,28.4
HYUNDAI NEWCASTLE...,"NEWCASTLE,   2940",30,,-27.75,29.9333
HYUNDAI NEWCASTLE,NEWCASTLE,30,,,
T/A HYUNDAI LENASIA,LENASIA,30,,-26.3205,27.83564
HYUNDAI QUEENSTOWN,QUEENSTOWN,60,,-31.8976,26.87533
HYUNDAI RICHARDSBAY,RICHARDS BAY,30,,-28.783,32.03768
HALFWAY HYUNDAI PORT SHEPSTONE,PORT SHEPSTONE,60,,-30.7414,30.45499
HYUNDAI STANGER,STANGER,30,,-29.3367,31.29021
HYUNDAI TRUCK AND BUS,MOBENI,30,,,
HYUNDAI UPINGTON,UPINGTON,14,,-28.4478,21.25612
HYUNDAI VRYHEID,VRYHEID,30,,-27.7695,30.79165
HYUNDAI WESTONARIA,WESTONARIA,30,,-26.3191,27.6486
 HYUNDAI WESTONARIA...,Randfontein,30,,-26.1844,27.70203
HYUNDAI ZULULAND,RICHARDS BAY,30,,-28.783,32.03768
IC AUTO BENONI,BENONI,180,,-26.1885,28.32078
IC AUTO KEMPTON PARK,KEMPTON PARK,180,,-26.1086,28.2377
IC AUTO CLEARWATER,ROODEPOORT,180,,-26.1625,27.8725
ICAR TECHNOLOGIES GROUP,PRETORIA,30,,-25.7449,28.18783
ICAUR BOKSBURG,BOKSBURG,30,,-26.212,28.25958
ICAUR CAPE TOWN CBD,CAPE TOWN,30,,-33.9258,18.42322
MTHATHA NISSAN,MTHATHA,180,,-31.5889,28.78443
IDRIVE ONLINE,MOUNT EDGECOMBE,30,,-29.7067,31.0251
REEDS BELLVILLE,BELLVILLE SOUTH,180,,-33.92,18.64282
WILLIAMS HUNT MIDRAND,MIDRAND,180,,-25.9805,28.12968
IMPERIAL COMMERCIAL POLOKWANE,POLOKWANE,180,,-23.9045,29.46885
MOTUS DATSUN KIMBERLEY,KIMBERLEY,180,,-28.7323,24.76232
MOTUS DATSUN MENLYN,PRETORIA,180,,-25.7449,28.18783
MOTUS DATSUN PAROW,CAPE TOWN,180,,-33.9258,18.42322
MOTUS DATSUN ZULULAND,EMPANGENI,180,,-28.762,31.89329
IMPERIAL FIAT GROUP,BOKSBURG,30,,-26.212,28.25958
IMPERIAL GROUP,BOKSBURG,30,,-26.212,28.25958
MOTUS GROUP,BOKSBURG,30,,-26.212,28.25958
IMPERIAL HONDA GROUP,BOKSBURG,30,,-26.212,28.25958
MOTUS HONDA LOUIS TRICHARDT,LOUIS TRICHARDT,180,,-23.0439,29.90319
MOTUS ITSA BLOEMFONTEIN,HAMILTON,180,,,
IMPERIAL ITSA GROUP,CROYDON,30,,,
MOTUS ITSA ISANDO,CROYDON,180,,,
MOTUS MAZDA GEORGE,GEORGE,180,,-33.963,22.46173
MOTUS MAZDA GERMISTON,GERMISTON,180,,-26.2348,28.17665
IMPERIAL MAZDA GROUP,GEORGE,30,,-33.963,22.46173
MOTUS MAZDA PAARDEN EILAND,PAARDEN EILAND,180,,-33.9163,18.47265
IMPERIAL NISSAN & RENAULT GROUP,BOKSBURG,30,,-26.212,28.25958
MOTUS NISSAN RENAULT KIMBERLEY,KIMBERLEY,180,,-28.7323,24.76232
MOTUS NISSAN RENAULT MENLYN,PRETORIA,180,,-25.7449,28.18783
MOTUS RENAULT DURBAN SOUTH,DURBAN,180,,-29.8579,31.0292
MOTUS NISSAN TYGERVALLEY,CAPETOWN,180,,,
IMPERIAL TATA GROUP,BOKSBURG,30,,-26.212,28.25958
MOTUS TOYOTA CAPE GATE,BRACKENFELL,180,,,
MOTUS TOYOTA CITY,JEPPESTOWN,180,,,
MOTUS TOYOTA KEMPTON PARK,KEMPTON PARK,180,,,
MOTUS TOYOTA NELSPRUIT,NELSPRUIT,180,,,
MOTUS HINO TSHWANE,PRETORIA WEST,180,,,
MOTUS TOYOTA BRYANSTON,BRYANSTON,180,,,
MOTUS TOYOTA STRYDOM PARK,STRYDOM PARK,180,,,
MOTUS TOYOTA BEDFORDVIEW,GERMISTON,180,,,
MOTUS HINO ELANDSFONTEIN,GERMISTON,180,,,
INFINITE AUTO (PTY) LTD,POTCHEFSTROOM,30,,,
FOTON CLEARWATER,ROODEPOORT,60,,,
iCars,MIDDELBURG,30,,,
AUTO INVESTMENTS TRICHARDT,TRICHARDT,30,,,
A-CARS,WITBANK,30,,,
MORGAN MOTORS INSPECTACAR,RANDBURG,60,,,
SILVER LAKES AUTOCAR,SILVER LAKES,30,,,
AUTO INVESTMENTS PRETORIA NORTH,PRETORIA,30,,,
INTEGRATED AUTO SERVICES GROUP,MIDDELBURG,30,,,
MOTUS NISSAN ZULULAND,KULEKA EMPANGENI,180,,,
INTERTOY TOYOTA,BRITS,90,,,
INTERTOY TOYOTA,Brits Used units,90,,,
IPOP INVESTMENTS GROUP,JOHANNESBURG,60,,,
SUZUKI BASSONIA,JOHANNESBURG,60,,,
IRENTAL,PRETORIA,30,,,
ISUZU CAPE GATE,KRAAIFONTEIN,30,,,
ISUZU HATFIELD,PRETORIA,30,,,
TWK MOTORS (PTY) LTD,ERMELO,30,,,
ISUZU AND HAVAL STANDERTON,STANDERTON,30,,,
ISUZU PIET RETIEF,PIET RETIEF,30,,,
ISUZU TRUCK CENTRE CAPE TOWN,CAPE TOWN,180,,,
ISUZU TRUCK CENTRE BLACKHEATH,CAPE TOWN,30,,,
ISUZU TRUCK CENTRE CITY DEEP,JOHANNESBURG,30,,,
ISUZU TRUCK CENTRE,EPPINDUST,180,,,
ISUZU WESTONARIA,WESTONARIA,30,,,
ISUZU TRUCK CENTRE MIDRAND,MIDRAND,180,,,
IVECO ERMELO,ERMELO,30,,,
JACKSONS,QUEENSTOWN,30,,,
JAC BOKSBURG,BOKSBURG,14,,,
JAC MPTORS  BRITS,BRITS,30,,,
JAC BURGERSFORT,BURGERSFORT,30,,,
JAC CENTURY CITY,CENTURY CITY,60,,,
T/A JAC CENTURION,CENTURION,30,,,
JAC EAST LONDON,EAST LONDON,60,,,
JACQUES GROUP,TRICHARDT,30,,,
JAC GROBLERSDAL,GROBLERSDAL,30,,,
JAC HATFIELD,PRETORIA,30,,,
JACKSONS ITSA,QUEENSTOWN,30,,,
JAC JOBURG SOUTH,RIDGEWAY,30,,,
JAC KEMPTON PARK,KEMPTON PARK,14,,,
,,14,,,
JAC KOKSTAD,KOKSTAD,30,,,
JAC MIDDELBURG,MIDDELBURG,30,,,
JAC MOTORS ALIWAL NORTH,ALIWAL NORTH,30,,,
JAC MOTORS SA T/A JAC MOTORS SA,RUIMSIG,30,,,
T/A JAC POLOKWANE,POLOKWANE,30,,,
JAC POLOKWANE,POLOKWANE,30,,,
JAC SPRINGS,SPRINGS,30,,,
JAC STANGER,STANGER,30,,,
JAC UMHLANGA,DURBAN,60,,,
JAC UPINGTON,UPINGTON,60,,,
JAC LEPHALALE,LEPHALALE,14,,,
JAC BELA BELA,BELA BELA,14,,,
JAC WITBANK,WITBANK,120,,,
JAC WITBANK,WITBANK,30,,,
JAGUAR AND LAND ROVER HILLCREST,DURBAN,30,,,
JAGUAR AND LAND ROVER BALLITO,BALLITO,14,,,
SOUTHERN MOTORS BEDFORDVIEW (PTY) LTD,BEDFORDVIEW,90,,,
JAGUAR LAND ROVER BRYANSTON,BRYANSTON,90,,,
JAGUAR CAPE TOWN,FORESHORE,90,,,
JAGUAR CENTURION,PRETORIA,60,,,
EASTERN CAPE MOTORS - JAGUAR PE,PORT ELIZABETH,60,,,
JAGUAR EAST LONDON,EAST LONDON,60,,,
JAGUAR LANDROVER BALLITO,BALLITO,30,,,
JAGUAR AND LANDROVER THE GLEN,OAKDENE,90,,,
JAGUAR/LANDROVER POLOKWANE,POLOKWANE,30,,,
JAGUAR LAND ROVER CONSTANTIABERG,CAPE TOWN,60,,,
JAGUAR UMHLANGA,UMHLANGA ROCKS,90,,,
JAN PRET FORD TREKKER PBG,LADANNA,30,,,
JBJ MACHINERY,SCHWEIZER RENEKE,30,,,
JB'S NISSAN,MALMESBURY,14,,,
JC AUTO,PRETORIA,30,,,
JEEP FIAT ALFA ROMEO MENLYN,MENLYN,120,,,
"JEEP,FIAT & ALFA PINETOWN",PINETOWN,30,,,
"JEEP,FIAT & ALFA PIN.","PINETOWN, KW   3610 GRB",30,,,
JEEP NEWCASTLE,NEWCASTLE,30,,,
 JEEP NEWCASTLE...,"NEWCASTLE, KW   2920 GRB",30,,,
JEEP FIAT OPEL PEUGEOT VREDENBURG,VREDENBURG,14,,,
JETOUR BOKSBURG,JANSEN PARK,14,,,
WEST RIDING TRADING (PTY) LTD T/A JETOUR BRYANSTON,JOHANNESBURG,90,,,
JETOUR CENTURION,CENTURION,60,,,
JETOUR DURBAN CITY,DURBAN,60,,,
JETOUR EAST LONDON,EAST LONDON,60,,,
JETOUR EDENVALE,EDENVALE,14,,,
JETOUR FOURWAYS,JOHANNESBURG,30,,,
JETOUR GEORGE,GEORGE,60,,,
JETOUR JOHANNESBURG SOUTH,JOHANNESBURG,60,,,
JETOUR KLERKSDORP,KLERKSDORP,30,,,
JETOUR LADYSMITH,LADYSMITH,30,,,
JETOUR LADYSMITH,LADYSMITH,30,,,
JETOUR MBOMBELA,NELSPRUIT,120,,,
JETOUR MENLYN,PRETORIA,30,,,
JETOUR MIDRAND,MIDRAND,120,,,
JETOUR MOBENI,MOBENI,30,,,
JETOUR MOBENI,MOBENI,30,,,
JETOUR NEWCASTLE,NEWCASTLE,30,,,
JETOUR NORTHCLIFF,NORTHCLIFF,30,,,
JETOUR PHALABORWA,PHALABORWA,60,,,
JETOUR PIETERMARITZBURG,PIETERMARITZBURG,30,,,
JETOUR PORT ELIZABETH,WALMER,60,,,
JETOUR PORT SHEPSTONE,PORT SHEPSTONE,30,,,
JETOUR RUSTENBURG,RUSTENBURG,120,,,
JETOUR THE GLEN,JOHANNESBURG,30,,,
JETOUR TYGERVALLEY,DURBANVILLE,60,,,
JETOUR TZANEEN,TZANEEN,30,,,
JETOUR WESTRAND,ROODEPOORT,30,,,
JHB AGRI (PTY) LTD,LICHTENBURG,30,,,
JOBURG CITY FORD,JOHANNESBURG,14,,,
4 WHEELS MOTOR GROUP,LICHTENBURG,30,,,
4WHEELS LICHTENBURG,LICHTENBURG,60,,,
JOHNSTONE'S KOKSTAD,KOKSTAD,30,,,
JOHN WILLIAM'S MOTORS MULTI FRANCHISE,BLOEMFONTEIN,90,,,
JOHN WILLIAMS MOTORS,LAGENHOVENPARK,180,,,
JOHN WILLIAMS MOTORS,BLOEMFONTEIN,180,,,
JOHN WILLIAMS MOTORS,BLOEMFONTEIN,180,,,
JOUBERTINA TOYOTA,JOUBERTINA,14,,,
JP BOEREDIENSTE,VOLKSRUST,30,,,
JSH MOTOR GROUP,AMALGAM,30,,,
JTR MACHINERY (PTY) LTD,WOLMARANSSTAD,30,,,
JTR MACHINERY (PTY) LTD - HOOPSTAD OUTLET,HOOPSTAD,30,,,
JTR MACHINERY (PTY) LTD - VAALHARTS OUTLET,HARTSWATER,30,,,
JUBILEE MOTORS,SPRINGS,30,,,
,,30,,,
JUPIDEX,PIETERMARITZBURG,30,,,
JW AUTO,port Elizabeth,30,,,
 JW AUTO...,Port Elizabeth,30,,,
JWL LANDBOU VOORSIENERS,ERMELO EXT 1,30,,,
KAAP AGRI BEDRYF BEPERK,MALMESBURY,30,,,
KAAP AGRI GROUP,MALMESBURG,30,,,
MAGNIS BLOEMFONTEIN TRUCKS,BLOEMFONTEIN,180,,,
KELSTON MOTORS PE (FCA),PORT ELIZABETH,60,,,
KELSTON FORD KOUGA,HUMANSDORP,30,,,
KELSTON FORD QUEENSTOWN & CRADOCK,QUEENSTOWN,60,,,
KELSTON FOTON QUEENSTOWN,QUEENSTOWN,60,,,
KELSTON GROUP,PORT ELIZABETH,60,,,
KELSTON ISUZU,GRAHAMSTOWN,60,,,
KELSTON JAC KOUGA,HUMANSDORP,30,,,
KELSTON MAHINDRA PORT ELIZABETH,CHARLO,60,,,
KELSTON MAZDA,QUEENSTOWN,60,,,
KELSTON MITSUBISHI QUEENSTOWN,QUEENSTOWN,60,,,
KELSTON POWERSTAR,PORT ELIZABETH,60,,,
KELSTON RENAULT,QUEENSTOWN,60,,,
KEMPSTON CITROEN GROUP,KEMPTON PARK,30,,,
KEMPSTON IMSA GROUP,KEMPTON PARK,30,,,
KEMPSTON HYUNDAI GROUP,KEMPTON PARK,30,,,
KEMPSTON ITSA,GEORGE,30,,,
KEMPSTON ITSA GROUP,KEMPTON PARK,30,,,
KEMPSTON MAHINDRA GROUP,EDENVALE,30,,,
KEMPSTON ISUZU,GEORGE,60,,,
KEMPSTON PEUGEOT GROUP,KEMPTON PARK,30,,,
KEMPSTON RENAULT GROUP,EAST LONDON,30,,,
KEMPSTON SUZUKI GROUP,KEMPTON PARK,30,,,
KEMPSTON VOLVO GROUP,KEMPTON PARK,30,,,
KENINGS AUTO SALES,CAPE TOWN,30,,,
KENRICH ITSA,GRAHAMSTOWN,30,,,
KENRICH MOTORS,GRAHAMSTOWN,30,,,
KENRICH MOTORS,"Port Alfred, 6170",30,,,
KENRICH MOTORS GROUP,GRAHAMSTOWN,30,,,
KENT MOTORS GROUP,HILLCREST,30,,,
KEY DURBAN...,"JACOBS, DURBAN, 4060",60,,,
KEY DURBAN,MOBENI,60,,,
KEY GROUP,PINETOWN,30,,,
KEY HIRE,PINETOWN,60,,,
KEY ITSA DURBAN,MOBENI,60,,,
KEY ITSA NEW GERMANY,PINETOWN,60,,,
KEY ITSA PIETERMARITZBURG,PIETERMARITZBURG,60,,,
KEY PEUGEOT PIETERMARITZBURG,PIETERMARITZBURG,60,,,
KEY PINETOWN,PINETOWN,60,,,
KEY PIETERMARITZBURG,PIETERMARITZBURG,60,,,
KEY TRUCKS DURBAN,MOBENI,60,,,
KH TREKKERDIENSTE BK,RAWSONVILLE,30,,,
KIA BURGERSFORT,BURGERSFORT,30,,,
KIA DURBAN SOUTH,DURBAN,60,,,
KIA LADYSMITH,LADYSMITH,60,,,
KIA LENASIA,LENASIA,30,,,
KIA MAKHADO,LOUIS TRICHARDT,180,,,
KIA MALMESBURY,MALMESBURY,30,,,
KIA MOBENI,MOBENI,30,,,
KIA MOTORS CENTURION,PRETORIA,60,,,
BEN MORGENROOD AUTO,RANDFONTEIN,30,,,
KIA NEWCASTLE...,"NEWCASTLE,   2940",30,,,
KIA NEWCASTLE,NEWCASTLE,30,,,
MMG KIA NEWCASTLE,NEWCASTLE,60,,,
KIA NIGEL,NIGEL,60,,,
BENBA MOTORS (PTY) LTD T/A KIA PAARL,SUIDER PAARL,30,,,
KIA QUEENSTOWN,QUEENSTOWN,30,,,
KIA SANDTON,KRAMERVILLE,30,,,
 KIA SANDTON...,Eastgate,30,,,
KIA UMLAZI,AMANZIMTOTI,30,,,
KIA VRYHEID,VRYHEID,30,,,
KIA WONDERWATER,ANNLIN,90,,,
MELROSE TOYOTA,MELROSE,180,,,
CFAO MOBILITY TOYOTA STANGER,STANGER,180,,,
KIMBERLEY BAKKIE CENTRE,KIMBERLEY,30,,,
KIMJER MOTORS,BURGERSDORP,30,,,
KIMBERLEY NISSAN,KIMBERLEY,180,,,
MEYERS KING WILLIAMS TOWN,EAST LONDON,30,,,
KLERKSDORP CHERY,KLERKSDORP,30,,,
KLK LANDBOU,UPINGTON,30,,,
KNYSNA NISSAN,KNYSNA,30,,,
KNYSNA TOYOTA,KNYSNA,90,,,
KOKSTAD NISSAN,KOKSTAD,60,,,
KOUGA JAC,HUMANSDORP,30,,,
KOWIE TOYOTA,PORT ALFRED,90,,,
KROON NEW HOLLAND-BOTHAVILLE OUTLET,BOTHAVILLE,30,,,
RIDE MOTORSPORT,RIVERSIDE,30,,,
KUNGWINI HYUNDAI BRONKHORSTPRUIT,BRONKHORSTSPRUIT,30,,,
EASTVAAL TOYOTA POTCHEFSTROOM,POTCHEFSTROOM,30,,,
LADYBRAND TOYOTA,LADYBRAND,90,,,
SOUTHERN AFRICAN MECHANISM - HOEDSPRUIT OUTLET,HOEDSPRUIT,30,,,
SOUTHERN AFRICAN MEC...,Letsitele,30,,,
LAMBRETTA SA,PRETORIA,30,,,
LAMBONS GROUP,BLOEMFONTEIN,30,,,
SOUTHERN MOTORS BEDFORDVIEW (PTY) LTD,BEDFORDVIEW,90,,,
LANDROVER CAPE TOWN,FORESHORE,90,,,
LAND ROVER CENTURION,CENTURION,60,,,
LANDROVER EASTERN CAPE,PORT ELIZABETH,60,,,
LANDROVER EAST LONDON,EAST LONDON,60,,,
LANDROVER EASTRAND,BOKSBURG,120,,,
LANDROVER EMPANGENI,RICHARDS BAY,30,,,
LANDMEG LANDINI,HUMANSDORP,30,,,
LAND ROVER MENLYN,PRETORIA,90,,,
LAND ROVER VEREENIGING,VEREENIGING,120,,,
LAND ROVER LIMPOPO,POLOKWANE,120,,,
LAND ROVER NELSPRUIT,NELSPRUIT,120,,,
LAND ROVER PIETERMARITZBURG,PIETERMARITZBURG,30,,,
JAGUAR AND LANDROVER SANDTON,SANDTON,90,,,
LANDINI TRACTOR,KOKSTAD,30,,,
LANDROVER UMHLANGA,UMHLANGA ROCKS,90,,,
LAUSTAR NW GROUP,KLERKSDORP,30,,,
LAZARUS CAR HIRE,CENTURION,30,,,
LAZARUS FORD,PRETORIA,60,,,
HONDA CENTURION,CENTURION,60,,,
LAZARUS MAZDA,PRETORIA,60,,,
LAZARUS MOTORS GROUP,PRETORIA,60,,,
LDC AUTO,VEREENIGING,30,,,
LDV BALLITO,BALLITO,30,,,
,,30,,,
LDV BELLVILLE,BELLVILLE,30,,,
LDV BOKSBURG,EAST RAND MALL,180,,,
LDV DURBAN SOUTH,ROSSBURGH,30,,,
LDV EAST LONDON,EAST LONDON,60,,,
LDV ESTCOURT,ESTCOURT,30,,,
LDV GQEBERHA,PORT ELIZABETH,60,,,
LDV HUMANSDORP,HUMANSDORP,30,,,
LDV LADYSMITH,LADYSMITH,30,,,
LDV LADYSMITH,LADYSMITH,30,,,
LDV LOUIS TRICHARDT,LOUIS TRICHARDT,30,,,
LDV MOBENI,DURBAN,30,,,
,Mobeni,30,,,
LDV NEWCASTLE,NEWCASTLE,30,,,
LDV NEWCASTLE,"NEWCASTLE, KW   2940 GRB",30,,,
LDV PHALABORWA,PHALABORWA,60,,,
LDV PIETERMARITZBURG,PIETERMARITZBURG,30,,,
LDV PINETOWN,PINETOWN,30,,,
LDV PINETOWN,PINETOWN,30,,,
LDV TZANEEN,TZANEEN,60,,,
LDV VRYHEID,VRYHEID,30,,,
LE ROUX MOTORS,KEMPTON PARK,30,,,
LENS AUTO GROUP,GRAHAMSTOWN,30,,,
LEONS AUTO RUSTENBURG,NORTH WEST,120,,,
LEON'S MOTORS FORD RUSTENBURG,RUSTENBURG,90,,,
LEPAS BRUMA,KENSINGTON,30,,,
AUTOCITY LEPAS ALBERTON,ALBERTON,30,,,
LEPAS EDENVALE,JOHANNESBURG,30,,,
LEPAS GEORGE,GEORGE,30,,,
LEPAS GQEBERHA,PORT ELIZABETH,30,,,
LEPAS LENASIA,LENASIA,30,,,
LEPAS MIDDELBURG,MIDDELBURG,30,,,
LEPAS MILNERTON,MILNERTON,30,,,
LEPAS PRETORIA,PRETORIA,30,,,
LEPAS TZANEEN,TZANEEN,30,,,
LEPAS BLOEMFONTEIN,BLOEMFONTEIN,30,,,
LEPAS BOKSBURG,BOKSBURG,30,,,
LEPAS CAPE TOWN CITY,DE WATERKANT,30,,,
LEPAS CLEARWATER,ROODEPOORT,30,,,
LEPAS EAST LONDON,EAST LONDON,60,,,
LEPAS JOHANNESBURG CITY,JOHANNESBURG,30,,,
LEPAS MIDRAND,MIDRAND,30,,,
LEREKO ISUZU BLOEMFONTEIN,BLOEMFONTEIN,30,,,
LEREKO MOTORS/IMPERIAL,BLOEMFONTEIN,30,,,
ISUZU TRUCK WORLD,KEMPTON PARK,30,,,
LEXUS CENTURION,PRETORIA,30,,,
LEXUS FOURWAYS,FOURWAYS,90,,,
MOTUS LEXUS NELSPRUIT,NELSPRUIT,180,,,
LEZMIN LANDINI,KIRKWOOD,30,,,
LICHTENBURG TOYOTA,LICHTENBURG,90,,,
HYUNDAI WATERBERG,Mahala Motors,14,,,
HYUNDAI BELA BELA,BELA-BELA,14,,,
LIMPOPO NEW HOLLAND (PTY) LTD,POLOKWANE LIMPOPO,30,,,
LIMPOPO NISSAN BELA-BELA,BELA-BELA,14,,,
LIMPOPO NISSAN BELA-BELA,Mahala motors,14,,,
LIMPOPO TOYOTA,POLOKWANE,180,,,
LINEX YAMAHA,RANDBURG,30,,,
LIONEL MOTORS,RUSTENBURG,120,,,
LMB AUTO,RUSTENBURG,30,,,
LMG MONTANA STELLANTIS,PRETORIA,30,,,
LOCROSS GROUP,GEORGE,30,,,
HALFWAY TOYOTA GEORGE,GEORGE,90,,,
LOFTUS CARAVAN CITY,RANDBURG,30,,,
LONGTOM NISSAN ERMELO,ERMELO,14,,,
LONGTOM NISSAN GROUP,ERMELO,30,,,
LONGTOM NISSAN LYDENBURG,LYDENBURG,14,,,
LONGTOM NISSAN LYDENBURG,LYDENBURG,14,,,
LONGTOM NISSAN LYDENBURG,LYDENBURG,14,,,
KARIM MOTOR GROUP,LOUIS TRICHARDT,30,,,
LUHAN AUTO,GEZINA,7,,,
LUSTED & JOHNSON,IXOPO,60,,,
LYBASOL BEHEREND (PTY) LTD,LYDENBURG,30,,,
LYDENBURG TOYOTA,LYDENBURG,90,,,
M & F BEMARKING,DELMAS,30,,,
M & I MOTORS,KURUMAN,30,,,
M5 AUTO,BOKSBURG,30,,,
MADMACS MOTORCYCLES,STRAND,30,,,
MAEMO MOTORS,RUSTENBURG,180,,,
4WHEELS MAHIKENG,MAFIKENG,60,,,
MAFIKENG TOYOTA,MAFIKENG,90,,,
MAGNIS TRUCKS PRETORIA EAST,PRETORIA,180,,,
MAGNIS TRUCKS EMPANGENI,RICHARDS BAY,180,,,
MAGNIS TRUCKS GROUP,PRETORIA WEST,30,,,
MAGNIS TRUCKS SAMRAND,SAMRAND,180,,,
MAHINDRA AMANZIMTOTI,AMANZIMTOTI,60,,,
MAHINDRA BELA BELA,BELA BELA,30,,,
MAHINDRA BENONI,BENONI,30,,,
MAHINDRA BENONI,BENONI,30,,,
MAHINDRA BETHAL,BETHAL,30,,,
MAHINDRA BETHLEHEM,BLOEMFONTEIN,30,,,
T/A MAHINDRA BETHLEHEM,BETHLEHEM,30,,,
MAHINDRA BLOEMFONTEIN,BLOEMFONTEIN,30,,,
T/A MAHINDRA BLOEMFONTEIN,BLOEMFONTEIN,30,,,
MAHINDRA BRYANSTON,SANDTON,30,,,
MAHINDRA CAPE METRO,"MILNERTON, CAPE TOWN",30,,,
MAHINDRA CENTURION,PRETORIA,30,,,
MAHINDRA DURBAN,DURBAN,180,,,
MAHINDRA EASTRAND,BOKSBURG,30,,,
MAHINDRA EASTRAND,BOKSBURG,30,,,
MAHINDRA EAST LONDON,ARCADIA,60,,,
MAHINDRA FOURWAYS,FOURWAYS,30,,,
MAHINDRA EDENVALE,EDENVALE,30,,,
Mahindra Edenvale,Edenvale,30,,,
MAHINDRA GEORGE,GEORGE,30,,,
MAHINDRA JHB SOUTH,KENILWORTH,60,,,
MAHINDRA KEMPTON PARK,KEMPTONPARK,180,,,
MAHINDRA KIMBERLEY,KIMBERLEY,60,,,
MAHINDRA WEST RAND,ROODEPOORT,90,,,
MAHINDRA LADYSMITH,LADYSMITH,60,,,
MAHINDRA LENASIA,LENASIA,30,,,
MAHINDRA MILNERTON,CAPE TOWN,30,,,
MAHINDRA MOKOPANE,MOKOPANE,30,,,
MAHINDRA OTTERY,OTTERY,30,,,
MAHINDRA PAARLBERG,PAARL,30,,,
MAHINDRA POLOKWANE,POLOKWANE,30,,,
MAHINDRA PRETORIA NORTH,PRETORIA NORTH,30,,,
MAHINDRA PRETORIA NORTH,Wonderboom,30,,,
MAHINDRA RIVONIA,SUNNINGHILL,60,,,
MAHINDRA RUSTENBURG,RUSTENBURG,30,,,
MAHINDRA SPRINGS,SPRINGS,30,,,
MAHINDRA SPRINGBOK,SPRINGBOK,30,,,
MAHINDRA TOKAI,TOKAI,180,,,
MAHINDRA UPINGTON,UPINGTON,60,,,
MAHINDRA  VRYHEID,VRYHEID,60,,,
MAHINDRA WELKOM,WELKOM,60,,,
MAHINDRA WORCESTER,WORCESTER,30,,,
M & J MOTORS LICHTENBURG,LICHTENBURG,14,,,
MALALANE AGRI SERVICES (PTY) LTD,ROCKY DRIFT EXT 1,30,,,
MALMESBURY TOYOTA,MALMESBURY,14,,,
MALELANE FORD,MALELANE,60,,,
MALELANE GARAGE,MALELANE,30,,,
MALELANE GARAGE,MALELANE,30,,,
MALELANE GARAGE,MALELANE,30,,,
MALMESBURY GM GROUP,PAROW,30,,,
MALELANE TOYOTA,MALELANE,30,,,
MAN TRUCK & BUS CENTRE JHB,CITY DEEP,180,,,
MARULENG AUTO,HOEDSPRUIT,60,,,
MOTUS NISSAN MENLYN,GEZINA PRETORIA,180,,,
MARK KITCHING GROUP,KOKSTAD,30,,,
MARTIN MORGAN MOTORS,VEREENIGING,30,,,
CFAO MOBILITY TOYOTA RONDEBOSH,RONDEBOSCH EAST,180,,,
CFAO MOBILITY TOYOTA CAPE TOWN CITY,CAPE TOWN,180,,,
CFAO MOBILITY TOYOTA TOKAI,CAPE TOWN,180,,,
MARK WHITE NISSAN AMANZIMTOTI,UMBOGINTWINI,30,,,
MARK WHITE MOTORS,SANDTON,30,,,
MARK WHITE NISSAN...,Fourways,30,,,
MARK WHITE NISSAN,FOURWAYS,30,,,
MARK WILSON GROUP,QUEENSTOWN,30,,,
MASTER CAR SALES,TRICHARDT,30,,,
MASCOR CORPORATION GROUP,GREYTOWN,30,,,
MASERATI DEALERSHIP JOHANNESBURG,BRYANSTON JOHANNESBURG,30,,,
MASERATI JHB,BRYANSTON,30,,,
MASCOR JOHN DEERE,GREYTOWN.,30,,,
MASCOR TOYOTA - GREYTOWN,GREYTOWN,30,,,
MAUBRA AGRI,BRITS,30,,,
MAUBRA UTILITY PRODUCTS (PTY) LTD,BRITS,30,,,
MAXUS ELECTRIC VEHICLES,PRETORIA,30,,,
MAZDA CAPE TOWN,CAPE TOWN,30,,,
MAZDA CLAREMONT,CLAREMONT,90,,,
MAZDA CLEARWATER,ROODEPOORT,60,,,
MAZDA CONNECT BLOEMFONTEIN,BLOEMFONTEIN,60,,,
MAZDA CONNECT GROUP,BLOEMFONTEIN,30,,,
MAZDA CONNECT KIMBERLEY,KIMBERLEY,30,,,
MAZDA CONNECT WELKOM,WELKOM,30,,,
MAZDA CRADOCK,CRADOCK,30,,,
MAZDA EAST LONDON,EAST LONDON,60,,,
MAZDA EAST RAND,BOKSBURG,120,,,
MAZDA ERMELO,ERMELO,30,,,
MAZDA JOHANNESBURG SOUTH,JOHANNESBURG,60,,,
MAZDA JOHANNESBURG S...,"Bassonia, 2061",60,,,
 MAZDA JOHANNESBURG S...,"Oakdene, 2190",60,,,
MAZDA LOUIS TRICHARDT,LOUIS TRICHARDT,180,,,
MAZDA PORT ELIZABETH,PORT ELIZABETH,60,,,
HALFWAY MAZDA PORT SHEPSTONE,PORT SHEPSTONE,60,,,
MAZDA RUSTENBURG,RUSTENBURG,120,,,
PROTON CLEARWATER,ROODEPOORT,60,,,
MAZDA SUZUKI TYGERVALLEY,BELLVILLE,90,,,
MAZDA THE GLEN,GLEN EAGLES,30,,,
MAZDA VAAL,VEREENIGING,30,,,
MCCARTHY UD ALBERTON,ALRODE,180,,,
MCCARTHY CENTURION,CENTURION,180,,,
BIDVEST MCCARTHY BAIC MELROSE,JOHANNESBURG,30,,,
MCCARTHY UD BOKSBURG,BOKSBURG,180,,,
MCCARTHY CENTURION,CENTURION,180,,,
MCCARTHY CHRYSLER & FIAT GROUP,DURBAN,30,,,
MCCARTHY DATSUN GROUP,GERMISTON,30,,,
BIDVEST MCCARTHY DATSUN RANDBURG,RANDBURG,180,,,
BIDVEST MCCARTHY DATSUN WOODMEAD,WOODMEAD,180,,,
MCCARTHY(PTY)LIMITED T/A BIDVEST MCCARTHY GAC GATE,UMHLANGA,180,,,
MCCARTHY GENERAL MOTORS,DURBAN,30,,,
BIDVEST MCCARTHY GWM HAVAL GROBLERSDAL,GROBLERSDAL,180,,,
BIDVEST MCCARTHY HINO MOBENI,DURBAN,180,,,
MCCARTHY INYANGA JETOUR,EMPANGENI,180,,,
MCCARTHY INYANGA MOTORS EMPANGENI,EMPANGENI RAIL,180,,,
BIDVEST MCCARTHY T/A ISUZU LIGHT COMMERCIAL,PRETORIA EAST,180,,,
MCCARTHY ITSA GROUP,DURBAN,30,,,
BIDVEST MCCARTHY JAC MENLYN,PRETORIA,180,,,
MCCARTHY JAGUAR GROUP,MIDRAND,30,,,
MCCARTHY KIA GROUP,DURBAN,30,,,
MCCARTHY KUNENE,WITBANK,180,,,
MCCARTHY JAGUAR LAND ROVER WEST RAND,CONSTANTIA KLOOF,180,,,
LANDROVER & JAGUAR DURBAN,DURBAN,180,,,
MCCARTHY LANDROVER GROUP,DURBAN,30,,,
MCCARTHY LANDROVER MIDRAND,MIDRAND,180,,,
MCCARTHY LANDROVER N1 CITY,N1 CITY,180,,,
BIDVEST MCCARTHY LEXUS MIDRAND,MIDRAND,180,,,
MCCARTHY GROUP,DURBAN,30,,,
MCCARTHY  MAHINDRA SILVER LAKES A DIVISION OF MCCA,PRETORIA,180,,,
MCCARTHY MAZDA GROUP,PAARL,30,,,
MCCARTHY JAGUAR MIDRAND,MIDRAND,180,,,
MCCARTHY MITSUBISHI GROUP,WITBANK,30,,,
MCCARTHY UD TRUCK GROUP,DURBAN,30,,,
BIDVEST MCCARTHY NISSAN END STREET,JOHANNESBURG,180,,,
MCCARTHY NISSAN FRANCHISE HEAD OFFICE,GERMISTON,30,,,
BIDVEST MCCARTHY NISSAN GATEWAY,UMHLANGA,180,,,
BIDVEST MCCARTHY NISSAN GERMISTON,GERMISTON,180,,,
MCCARTHY NISSAN GROUP,DURBAN,30,,,
BIDVEST MCCARTHY NISSAN MELROSE,MELROSE,180,,,
MCCARTHY NISSAN RAND...,Woodmead,180,,,
BIDVEST MCCARTHY NISSAN RANDBURG,RANDBURG,180,,,
BIDVEST MCCARTHY NISSAN WOODMEAD,SANDTON,180,,,
MCCARTHY RENAULT GATEWAY,UMHLANGA,180,,,
MCCARTHY RENAULT GERMISTON,GERMISTON,180,,,
MCCARTHY RENAULT GROUP,DURBAN,30,,,
MCCARTHY RENAULT PIETERMARITZBURG,PIETERMARITZBURG,180,,,
MCCARTHY RENAULT WOODMEAD,WOODMEAD,180,,,
MCCARTHY SUZUKI GROUP,DURBAN,30,,,
BIDVEST MCCARTHY TATA MELROSE,JOHANNESBURG,30,,,
BIDVEST MCCARTHY TOYOTA ARCARDIA,PRETORIA,180,,,
BIDVEST MCCARTHY TOYOTA HATFIELD,BROOKLYN,180,,,
BIDVEST MCCARTHY TOYOTA BRUMA,BRUMA,180,,,
BIDVEST MCCARTHY TOYOTA CENTURION,PRETORIA,180,,,
BIDVEST MCCARTHY TOYOTA DURBAN,DURBAN,180,,,
BIDVEST MCCARTHY TOY...,Durban,180,,,
BIDVEST MCCARTHY TOYOTA DURBAN NORTH,DURBAN NORTH,180,,,
 BIDVEST MCCARTHY TOY...,Durban,180,,,
BIDVEST MCCARTHY TOYOTA EDENVALE,EDENVALE,180,,,
BIDVEST MCCARTHY TOYOTA EMPANGENI,EMPANGENI,180,,,
BIDVEST MCCARTHY TOY..,"EMPANGENI,   3910 ZAF",180,,,
BIDVEST MCCARTHY TOYOTA GEZINA,PRETORIA NORTH,180,,,
BIDVEST MCCARTHY TOYOTA GEZINA,Storage,180,,,
MCCARTHY TOYOTA GROUP,DURBAN,30,,,
BIDVEST MCCARTHY TOYOTA KENILWORTH,KENILWORTH,180,,,
BIDVEST MCCARTHY TOYOTA LEXUS,DURBAN,180,,,
BIDVEST MCCARTHY TOYOTA MIDRAND,MIDRAND,180,,,
BIDVEST MCCARTHY TOYOTA MOBENI,DURBAN,180,,,
 BIDVEST MCCARTHY TOY...,"DURBAN,   4092 ZAF",180,,,
BIDVEST MCCARTHY TOYOTA N1 CITY,N1 CITY,180,,,
BIDVEST MCCARTHY TOYOTA PAARL,PAARL,180,,,
BIDVEST MCCARTHY TOYOTA PINETOWN,DURBAN,180,,,
BIDVEST MCCARTHY TOY...,PINETOWN...,180,,,
BIDVEST MCCARTHY TOYOTA PMB,PIETERMARITZBURG,180,,,
 BIDVEST MCCARTHY TOY...,PIETERMARITZBURG,180,,,
HINO TRUCKS PIETERMARITZBURG,MKONDENI,180,,,
BIDVEST MCCARTHY TOYOTA LYNNWOOD,PRETORIA,180,,,
BIDVEST MCCARTHY TOYOTA SINOVILLE,PRETORIA,180,,,
BIDVEST MCCARTHY TOYOTA TABLEVIEW,TABLEVIEW,180,,,
BIDVEST MCCARTHY TOYOTA TONGAAT BALITO,BALITO,180,,,
BIDVEST MCCARTHY TOY...,"BALITO,",180,,,
HINO PINETOWN,PINETOWN,180,,,
BIDVEST MCCARTHY TOYOTA WOODMEAD,WOODMEAD,180,,,
MCMANUS NISSAN PIET RETIEF,PIET RETIEF,60,,,
MC MOTORS,KLERKSDORP,30,,,
MCMANUS RENAULT PIET RETIEF,PIET RETIEF,60,,,
MERCEDES BENZ PAARL,PAARL,120,,,
MEGA-AGRI,HOOPSTAD,30,,,
MEGA THERON KLERKSDORP,KLERKSDORP,30,,,
MEGA THERON MAHIKENG KIA & MAHINDRA,MAHIKENG,30,,,
MEGA THERON POTCHEFSTROOM,POTCHEFSTROOM,30,,,
MEGA THERON GROUP,KLERKSDORP,30,,,
,,30,,,
MEGA THERON MAHIKENG GWM & HAVAL,MAHIKENG,30,,,
MEGA THERON TRADERS,KLERKSDROP,30,,,
NORTH MOTOR GROUP,SANDTON,30,,,
MEKOR KZN GROUP,EMPANGENI,30,,,
MEKOR MG CLAREMONT,CLAREMONT,30,,,
HONDA AUTO TYGERBERG CARS,BELLVILLE,90,,,
HONDA AUTO TYGERBERG BIKES,BELLVILLE,90,,,
MEKOR CAPE TOWN CITY,FORESHORE,90,,,
MEKOR MOTORS GROUP,SANDTON,30,,,
HONDA CLAREMONT,CLAREMONT,90,,,
MEKOR WESTERN CAPE GROUP,BELLVILLE,30,,,
MELROSE MOTOR GROUP,MELROSE,30,,,
MERCEDES BENZ CONSTANTIABERG,TOKAI,30,,,
MERCEDES BENZ STELLENBOSCH,STELLENBOSCH,120,,,
MERCEDES BENZ CENTURY CITY,CENTURY CITY,30,,,
MERCURIUS MOTORS T/A CHERY POLOKWANE,POLOKWANE,180,,,
MERCURIUS MOTORS,POLOKWANE,180,,,
MERCURIUS MOTORS TZANEEN,TZANEEN,180,,,
MEYERS EAST LONDON,EAST LONDON,60,,,
MEYERS EAST LONDON GROUP,EAST LONDON,60,,,
MEYERS GWM/HAVAL QUEENSTOWN,QUEENSTOWN,60,,,
MEYERS ITSA EAST LONDON,EAST LONDON,60,,,
MEYERS KIA KING WILLIAMS TOWN,KING WILLIAMS TOWN,30,,,
MEYERS KIA MTHATHA,MTHATHA,30,,,
MEYERS KIA QUEENSTOWN,QUEENSTOWN,60,,,
MEYERS MOTORS GROUP,EAST LONDON,30,,,
MEYERS MOTORS PEUGEOT/CITROEN & OPEL,EAST LONDON,60,,,
MEYERS UMTATA,UMTATA,60,,,
MEYERS UMTATA GROUP,EAST LONDON,30,,,
MG BRYANSTON,BRYANSTON,60,,,
MG EAST LONDON,EAST LONDON,60,,,
MG FOURWAYS,JOHANNESBURG,30,,,
MG HILLCREST,WATERFALL,30,,,
MG RIVONIA,JOHANNESBURG,60,,,
MG ALBERTON,ALBERTON,30,,,
MG AMANZIMTOTI,AMANZIMTOTI,30,,,
MG CARNIVAL,DALPARK,14,,,
MG CENTURION,CENTURION,60,,,
MG EAST RAND,BOKSBURG,60,,,
MG EDENVALE,EDENVALE,120,,,
MG GERMISTON,GERMISTON,30,,,
MG HATFIELD,PRETORIA,30,,,
HONDA SANDTON,SANDTON,30,,,
MG MALMESBURY,MALMESBURY,30,,,
MG MIDRAND,MIDRAND,60,,,
MG MIDDLEBURG,MIDDELBURG,120,,,
MG MONTANA,PRETORIA,30,,,
MG PAARL,PAARL,120,,,
MG PORT SHEPSTONE,PORT SHEPSTONE,30,,,
MG RUSTENBURG,RUSTENBURG,120,,,
MG SANDTON,SANDTON,30,,,
MG SECUNDA,SECUNDA,120,,,
MG VEREENIGING,VEREENIGING,60,,,
MG WESTRAND,ROODEPOORT,60,,,
MICHIGAN EQUIPMENT,POTCHEFSTROOM,30,,,
MICHIGAN EQUIPMENT GROUP,POTCHEFSTROOM,30,,,
MIDLANDS AGRI SOLUTIONS GROUP,UMGENI,30,,,
MIDLANDS AGRI SOLUTIONS,UMGENI,30,,,
MIDLAND AUTO GROUP,GRAAFF REINET,30,,,
MIDDELBURG CARAVANS AND CAMPWORLD,MIDDELBURG,30,,,
COMMERCIAL VEHICLES RETAIL,KLIPRIVER,30,,,
MIDDLEBURG FOTON,MIDDELBURG,120,,,
MIDDELBURG HONDA,MIDDELBURG,120,,,
MIDBAY MOTORS FOTON AND JAC,RICHARDSBAY,30,,,
MIDBAY MOTORS GROUP,RICHARDS BAY,30,,,
MIDBAY MOTORS GROUP,RICHARDSBAY,30,,,
MIDDELBURG NISSAN,MIDDELBURG,7,,,
MIKES MECHANICAL & TRACTORS,WITELSBOS,30,,,
MIKES MECHANICAL & T...,"Tsitsikama, 6309",30,,,
MILLSTOCK CARS,OBSERVATORY,30,,,
MILNERTON NISSAN,CAPE TOWN,30,,,
MITSUBISHI BELLVILLE,CAPE TOWN,30,,,
MITSUBISHI BRONKHORSTSPRUIT,BRONKHORSTSPRUIT,60,,,
MITSUBISHI ESTCOURT,ESTCOURT,30,,,
MITSUBISHI LADYSMITH,LADYSMITH,30,,,
MIT-MAK MOTORS,PRETORIA NORTH,30,,,
MITSUBISHI MOBENI...,Mobeni,30,,,
MITSUBISHI MOBENI,MOBENI,30,,,
MITSUBISHI NEWCASTLE,NEWCASTLE,30,,,
MITSUBISHI NORTHCLIFF,JOHANNESBURG,30,,,
MITSUBISHI PAARL,PAARL,30,,,
MITSUBISHI RIVONIA,SUNNINGHILL,60,,,
MITSUBISHI SANDTON,SANDTON,30,,,
MITSUBISHI SECUNDA,SECUNDA,180,,,
MITSUBISHI SPRINGS,SPRINGS,60,,,
MITSUBISHI VRYHEID,VRYHEID,30,,,
HYUNDAI QUEENSTOWN (NEW),QUEENSTOWN,60,,,
MMG HYUNDAI VRYHEID,VRYHEID,60,,,
MMG NISSAN QUEENSTOWN,QUEENSTOWN,60,,,
UD TRUCKS QUEENSTOWN,QUEESNSTOWN,30,,,
MMI ARMOURED AND EXOTIC VEHICLES,SANDTON,30,,,
MMA CARS,PINETOWN,14,,,
MMU TRADING GROUP,STILFONTEIN,30,,,
CHERY CARNIVAL,BRAKPAN,14,,,
MOBILIS AUTO GROUP,BRAKPAN,30,,,
MOBI CARE AUTO GROUP,EDENVALE,30,,,
LAMBRETTA - SA,ELARDUSPARK,30,,,
MOFFETT PRE-OWNED,PORT ELIZABETH,30,,,
MOGOL NISSAN,ELLISRAS,14,,,
MOM-PREOWNED GROUP,PORT ELIZABETH,30,,,
TOYOTA CLEARWATER,ROODEPOORT,180,,,
MONUMENT TOYOTA RANDFONTEIN,RANDFONTEIN,180,,,
MONUMENT TOYOTA WEST RAND,WELTEVREDEN PARK,180,,,
WATERBERG TOYOTA BELA-BELA,BELA BELA,30,,,
MORGAN BAIC KIMBERLEY,KIMBERLEY,60,,,
MORGAN BAIC KIMBERLEY,KIMBERLEY,30,,,
MORGAN RENAULT UPINGTON,UPINGTON,30,,,
MORGAN FOTON LYDENBURG,LYDENBURG,60,,,
MORTIMER GROUP,KOKSTAD,30,,,
MORGAN GROUP HARRISMITH,HARRISMITH,60,,,
MORGAN GROUP WELKOM,WELKOM,30,,,
MORGAN GWM ERMELO,ERMELO,60,,,
MORGAN HAVAL BETHLEHEM,BETHLEHEM,60,,,
MORGAN HAVAL HARRISMITH,HARRISMITH,60,,,
MORGAN HAVAL UPINGTON,UPINGTON,60,,,
MORGAN HYUNDAI UPINGTON,UPINGTON,60,,,
MORGAN ISUZU BETHLEHEM,BETHLEHEM,60,,,
MORGAN ISUZU ERMELO,ERMELO,60,,,
MORGAN ISUZU UPINGTON,UPINGTON,60,,,
MORGAN JETOUR BETHLEHEM,BETHLEHEM,60,,,
MORGAN JETOUR BETHLEHEM,KIMBERLEY,30,,,
MORGAN JETOUR KIMBERLEY,KIMBERLEY,60,,,
MORGAN JETOUR KIMBERLEY,KIMBERLEY,30,,,
MORGAN KIA UPINGTON,UPINGTON,60,,,
MORGAN MAHINDRA WELKOM,WELKOM,60,,,
MORGAN MG BETHLEHEM,BETHLEHEM,60,,,
MORGAN MITSUBISHI BETHLEHEM,BETHLEHEM,60,,,
MORGAN MITSUBISHI LYDENBURG,LYDENBURG,60,,,
MORGAN MITSUBISHI WELKOM,WELKOM,60,,,
MORGAN NISSAN ERMELO,ERMELO,60,,,
MORGAN NISSAN KIMBERLEY,KIMBERLEY,60,,,
MORGAN NISSAN KIMBERLEY,KIMBERLEY,30,,,
MORGAN NISSAN LYDENBURG,LYDENBURG,60,,,
MORGAN NISSAN VRYBURG,VRYBURG,60,,,
MORGAN NISSAN UPINGTON,UPINGTON,60,,,
MORGAN CHERY UPINGTON,UPINGTON,60,,,
MORGAN OMODA & JAECOO ERMELO,ERMELO,60,,,
MORGAN OMODA & JAECOO NORTHCLIFF,BLACKHEATH,60,,,
MORGAN RENAULT KIMBERLEY,KIMBERLEY,60,,,
MORGAN RENAULT KIMBERLEY,KIMBERLEY,30,,,
MORGAN RENAULT UPINGTON,UPINGTON,60,,,
MORGAN SUZUKI LYDENBURG,LYDENBURG,60,,,
MORTIMER TOYOTA...,"Frankfort, 9830",90,,,
MORTIMER TOYOTA,BETHLEHEM,90,,,
MORTIMER TOYOTA,NEWCASTLE,90,,,
MORTIMER TOYOTA,HARRISMITH,90,,,
MORTIMER TOYOTA,MATATIELE,90,,,
MORTIMER TOYOTA,ESTCOURT,90,,,
MORTIMER TOYOTA,VREDENBURG,90,,,
MORTIMER TOYOTA,REITZ,90,,,
MMG TOYOTA,LADYSMITH,90,,,
MOSSELBAAI NISSAN,MOSSELBAAI,30,,,
MOTIQUE CARS GROUP,KOKSTAD,30,,,
MOTOMID GROUP,MIDDELBURG,30,,,
MOTUS HAVAL KEMPTON PARK,KEMPTON PARK,180,,,
MOTORDEAL JO'BURG SOUTH,ORMONDE,60,,,
MOTORDEAL JO'BURG SO...,Crown Mines,60,,,
MOTORDEAL JO'BURG SOUTH GROUP,ORMONDE,30,,,
MOTUS MAHINDRA TYGERVALLEY,CAPE TOWN,30,,,
MOTORCYCLE MECCA,PRETORIA,30,,,
MOTUS MULTIFRANCHISE MENLYN,PRETORIA,180,,,
MOTUS NISSAN CENTURION,CENTURION,180,,,
MOTUS NISSAN & RENAULT PARROW,PARROW,180,,,
MOTO XTREME,KIMBERLEY,30,,,
MOTUS RENAULT BLOEMFONTEIN,BLOEMFONTEIN,180,,,
MOTOR TRENDZ GROUP,JOHANNESBURG,30,,,
MOTUS VEREENIGING,VEREENIGING,180,,,
MOTOR WORLD,RUSTENBURG,30,,,
MYRIDE HYUNDAI WESTONARIA,WESTONARIA,30,,,
MYRIDE ISUZU AND RENAULT WESTONARIA,WESTONARIA,30,,,
MYRIDE NISSAN WESTONARIA,WESTONARIA,30,,,
MYRIDE RENAULT WESTONARIA,WESTONARIA,30,,,
MULTI FRANCHISE GEZINA,PRETORIA,90,,,
MYRIDE GROUP,WESTONARIA,30,,,
MYRIDE JAC PAARL,PAARL,14,,,
RZT ZELPY 5386 (PTY) LTD T/A MYRIDE NISSAN PAARL,PAARL,14,,,
MYRIDE JAC HERMANUS,SANDBAAI,30,,,
MYRIDE JAC MALMESBURY,MALMESBURG,30,,,
MYSTIC CARS,BALLITO,30,,,
NABI INVESTMENTS,BRYANSTON,30,,,
NABOOM TOYOTA,NABOOMSPRUIT,30,,,
 NABOOM TOYOTA,National auto Glass,30,,,
NAMAKWA FIELDSERVICES,VREDENDAL,30,,,
NAMAQUA GARAGE GROUP,VANRHYNSDORP,30,,,
NASH NISSAN,ALBERTON,30,,,
NATAL CARAVANS,PINETOWN,30,,,
NATIONAL CARS SUPERSTRIKE,SECUNDA,30,,,
NATIONAL CARS QUANTUM,SECUNDA,30,,,
NATIONAL CARS ERMELO,ERMELO,30,,,
NATIONAL CARS STANDERTON,STANDERTON,30,,,
NAVIGLI GROUP,KRAMERVILLE,30,,,
NEARCO TRADING,RIVERGATE,14,,,
NELSPRUIT MULTIFRANCHISE,NELSPRUIT,180,,,
NELSPRUIT AUTO,NELSPRUIT,60,,,
NEW HOLLAND PORT SHEPSTONE,MARBURG,30,,,
NEW VAAL SOUTH MOTORS GROUP,ONVERWACHT,30,,,
NEW VAAL VEREENIGING,VEREENIGING,30,,,
NGIRI AUTO,PRETORIA,30,,,
NIC BOTTARI TOYOTA,NIGEL,30,,,
NICO LATEGAN,KROONSTAD,30,,,
NIGEL AUTO CITY...,"NIGEL,   1490",60,,,
AUTOCITY NIGEL,NIGEL,60,,,
WAUTRENHEI0001,"NIGEL,   1490",60,,,
AUTOCITY NISSAN NIGEL,NIGEL,60,,,
NISSAN BELA-BELA,BELA-BELA,30,,,
NISSAN AND BYD THE GLEN,GLENEAGLES,30,,,
NISSAN MOBENI,DURBAN SOUTH,30,,,
NISSAN DURBAN SOUTH,"DURBAN SOUTH, KW   4060 GRB",30,,,
NISSAN EASTERN CAPE,PORT ELIZABETH,60,,,
NISSAN ESTCOURT..,"ESCOURT,   3310",30,,,
NISSAN ESTCOURT,ESCOURT,30,,,
BRIGHT NISSAN HERMANUS,HERMANUS,14,,,
NISSAN LEPHALALE,LEPHALALE,30,,,
OUDTSHOORN NISSAN,OUDTSHOORN,30,,,
MY RIDE NISSAN/DATSUN PAARL,PAARL,30,,,
NISSAN AND RENAULT SPRINGS,SPRINGS,60,,,
SPRINGBOK NISSAN,SPRINGBOK,30,,,
NISSAN - STANDERTON,STANDERTON,30,,,
NISSAN TOKAI,CAPE TOWN,180,,,
VRYHEID NISSAN,VRYHEID,30,,,
NISSAN VRYHEID.," VRYHEID,   3100",30,,,
NISSAN WEST COAST,VREDENBURG,30,,,
NMG FOTON AND JAC BETHLEHEM,BETHLEHEM,60,,,
NMG FOTON AND JAC GEORGE,GEORGE INDUSTRIA,60,,,
NMG FOTON AND JAC KIMBERLEY,KIMBERLEY,60,,,
NMG FOTON AND JAC VEREENIGING,VEREENIGING,60,,,
NMI BLOEMFONTEIN,LANGENHOVEN PARK,90,,,
NMI CLAREMONT,CAPE TOWN,90,,,
NMI-DSM UMHLANGA,DURBAN,90,,,
NMI DSM GROUP,DURBAN,30,,,
NMI-DSM PIETERMARITZBURG,PIETERMARITZBURG,90,,,
NMI DURBAN SOUTH MOTORS GROUP,MIDDELBURG,30,,,
NMI MG PIETERMARITZBURG,PIETERMARITZBURG,90,,,
NMI MG TYGERVALLEY,BELLVILLE,30,,,
NMI MG UMHLANGA,LA LUCIA,60,,,
NMI OMODA AND JAECOO UMHLANGA,LA LUCIA IDGE,90,,,
NN TRUCK AND TRAILER,BOKSBURG,30,,,
NOOR AUTO,DURBAN,14,,,
MORGAN NISSAN NORTHCLIFF,BLACKHEATH,60,,,
NORTH MOTOR GROUP (PTY) LTD,BETHLEHEM,30,,,
NORTHCLIFF MULTIFRANCHISE,NORTHCLIFF,180,,,
NORTHWEST NISSAN,WEST RAND,120,,,
NWT JOHANNESBURG,STORMILL,120,,,
SUZUKI NORTHCLIFF,JOHANNESBURG,60,,,
NORTHAM TOYOTA,NORTHAM,90,,,
NOVEL MAZDA PAARL,PAARL,180,,,
NOVEL MOTOR COMPANY FOTON,WINDHOEK,30,,,
NTT ISUZU NEWCASTLE,NEWCASTLE,90,,,
NTT ISUZU TZANEEN,TZANEEN,90,,,
NTT ISUZU LADYSMITH,LADYSMITH,90,,,
NTT GROUP,GROBLERSDAL,30,,,
NTT GROUP,GROBLERSDAL,180,,,
NTT HYUNDAI EAST LONDON,EAST LONDON,90,,,
NTT ISUZU MAKHADO,LOUIS TRICHARDT,90,,,
NTT ITSA LADYSMITH,LADYSMITH,30,,,
NTT ITSA NEWCASTLE,NEWCASTLE,30,,,
NTT MAHINDRA WORCESTER,WORCESTER,30,,,
NTT MAZDA ZULULAND,EMPANGENI,90,,,
NTT MOTORS KLERKSDORP,KLERKSDROP,90,,,
NTT MULTI MOKOPANE,MOKOPANE,30,,,
NTT NISSAN BLOEMFONTEIN,ORANJESIG,90,,,
NTT NISSAN KLERKSDORP,KLERKSDORP,90,,,
NTT NISSAN LADYSMITH,LADYSMITH,90,,,
NTT NISSAN NEWCASTLE,NEWCASTLE,90,,,
NTT NISSAN POTCHEFSTROOM,POTCHEFSTROOM,90,,,
NTT NISSAN SANDTON,CRAIGHALL,90,,,
NTT NISSAN SECUNDA,SECUNDA,90,,,
NTT NISSAN ZULULAND,EMPANGENI,90,,,
NTT SUZUKI BLOEMFONTEIN,BLOEMFONTEIN,90,,,
NTT TOYOTA  PHALABORWA,PHALABORWA,180,,,
NTT TOYOTA BARBERTON,BARBERTON,180,,,
NTT TOYOTA DELMAS,DELMAS,180,,,
NTT TOYOTA GROBLERSDAL,GROBLERSDAL,180,,,
NTT TOYOTA POTGIETERSRUS,Storage place,180,,,
NTT TOYOTA MOKOPANE,MOKOPANE,180,,,
NTT TOYOTA HAZYVIEW,HAZYVIEW,180,,,
NTT TOYOTA TZANEEN,TZANEEN,180,,,
NTT TOYOTA WHITE RIVER,WHITE RIVER,180,,,
NTT VRYHEID,VRYHEID,180,,,
NWK LIMITED OUTLET BOTHAVILLE,BOTHAVILLE,30,,,
NWK LIMITED GROUP,MIDDELBURG,30,,,
NWK LIMITED OUTLET KROONSTAD,KROONSTAD,30,,,
NWK LIMITED,LICHTENBURG,30,,,
NWK LIMITED OUTLET - SANNIESHOF,SANNIESHOF,30,,,
NWK LIMITED OUTLET DELMAS,BENONI,30,,,
OMODA BEDFORDVIEW,JOHANNESBURG,90,,,
OMODA BRYANSTON,BRYANSTON,90,,,
OMODA EAST LONDON,EAST LONDON,60,,,
OMODA GQEBERHA,PORT ELIZABETH,30,,,
OMODA HATFIELD,PRETORIA,30,,,
OMODA JAECOO,MIDDELBURG,120,,,
OMODA JAECOO BALLITO,BALLITOVILLE,30,,,
OMODA & JAECOO BETHLEHEM,BETHLEHEM,60,,,
OMODA & JAECOO BOKSBURG,BOKBURG,30,,,
OMODA JAECOO EDENVALE,EDENVALE,30,,,
OMODA & JAECOO GEORGE,GEORGE,30,,,
OMODA & JAECOO GORDON ROAD,FLORIDA GLEN,30,,,
OMODA JAECOO KIMBERLEY,KIMBERLEY,60,,,
OMODA  AND JAECOO KLERKSDORP,KLERKSDORP,180,,,
OMODA JAECOO LENASIA,LENASIA,30,,,
OMODA JAECOO NIGEL,NIGEL,30,,,
OMODA AND JAECOO RICHARDS BAY,RICHARDS BAY,30,,,
T/A OMODA & JAECOO SECUNDA,SECUNDA,30,,,
OMODA JAECOO TYGERVALLEY,BELLVILLE,90,,,
OMODA & JAECOO WELKOM,WELKOM,180,,,
OMODA & JAECOO KLERKSDORP,STILFONTEIN,7,,,
,,7,,,
OMODA AND JAECOO SILVER LAKES,"SILVER LAKES , PRETORIA EAST",30,,,
OMODA SPRINGS,SPRINGS,60,,,
OMODA WESTRAND,ROODEPOORT,30,,,
OMODA WESTOWN HILLCREST,SHONGWENI,30,,,
OMODA WOODMEAD,SANDTON,60,,,
ONELOGIX BRAKPAN ON BEHALF OF AFGRI GROUP HOLDINGS,BRAKPAN,30,,,
OOS OVS MOTORS,BETHLEHEM,30,,,
OOS VRYSTAAT KAAP BEDRYF BEPERK,LADYBRAND,90,,,
OPEL PEUGEOT NEWCASTLE,NEW CASTLE,30,,,
OPEL PEUGEOT NEW CAS.,Newcastle,30,,,
ORANJE HARTSWATER TOYOTA,HARTSWATER,180,,,
ORANJE MEGANISASIE,KAKAMAS,30,,,
ORANJE NISSAN,UPINGTON,30,,,
ORANJE TOYOTA BLOEMFONTEIN,BLOEMFONTEIN,180,,,
ORANJE TOYOTA BOTHAVILLE,BOTHAVILLE,180,,,
ORANJE TOYOTA KIMBERLEY,KIMBERLEY,180,,,
ORANJE TOYOTA KLERKSDORP,KLERKSDORP,180,,,
ORANJE TOYOTA KROONSTAD,KROONSTAD,180,,,
ORANJE TOYOTA SCHWEIZER,SCHWEIZER-RENEKE,180,,,
ORANJE TOYOTA VRYBURG,VRYBURG,180,,,
WELKOM TOYOTA,WELKOM,180,,,
ORBIT COMMERCIAL VEHICLES CAPE TOWN,CAPE TOWN,30,,,
OTTOSDAL LANDINI,OTTOSDAL,30,,,
OUDENAARDE INVESTMENT GROUP,ROODEPOORT,30,,,
OUTOVARIA,VILJOENSKROON,30,,,
OVERBERG AGRI BEDRYWE BREDASDORP,BREDASDORP,30,,,
OVERBERG AGRI BEDRYWE CALEDON,CALEDON,30,,,
OVERBERG AGRI BEDRYWE MOORREESBURG,MOORREESBURG,30,,,
OVS AGRI (PTY) LTD,REITZ,30,,,
PAARLBERG MOTORS GROUP,WORCESTER,30,,,
PACE CAR RENTAL,SANDTON,30,,,
PALM COURT GARAGE,PADDOCK,30,,,
PAT HINDE TOYOTA SPRINGS,SPRINGS,180,,,
PAT HINDE TOYOTA SPR...,Dalpark,180,,,
CARNIVAL TOYOTA,BENONI,180,,,
PAT HINDE TOYOTA BOKSBURG,BOKSBURG,180,,,
PAT HINDE TOYOTA BOK...,Dalpark,180,,,
PAULANA NISSAN,HARTSWATER,30,,,
PEUGEOT TYGERVALLEY,BELLVILLE,90,,,
P C J MOTORS GROUP,BOKSBURG,30,,,
PENTA MOTOR GROUP,PRETORIA,30,,,
PERRY BIKES,UMHLANGA ROCKS,30,,,
PERDEBERG HAVAL CITRUSDAL,CITRUSDAL,14,,,
PERDEBERG ISUZU SWELLENDAM,SWELLENDAM,14,,,
PETER'S TRACTORS,UMHLALI,30,,,
PEUGEOT CAPE TOWN,CAPE TOWN,30,,,
PEUGEOT CENTURION,CENTURION,30,,,
PEUGEOT CITROEN CENTURION,CENTURION,120,,,
PEUGEOT CITROEN GEORGE,GEORGE,30,,,
PEUGEOT CITROEN RIVONIA,SUNNINGHILL,30,,,
PEUGEOT CITROEN & VOLVO PMB,PIETERMARITZBURG,7,,,
PEUGEOT EAST LONDON,EAST LONDON,30,,,
PEUGEOT FOURWAYS,FOURWAYS,30,,,
PEUGEOT HATFIELD,PRETORIA,30,,,
PEUGEOT HATFIELD,Hatfield,30,,,
PEUGEOT ISANDO COMMERCIAL CENTRE,KEMPTON PARK,30,,,
COMBINED AUTO HOLDINGS (PTY) LTD,MIDDELBURG,30,,,
PEUGEOT NORTHCLIFF...,Roodepoort,30,,,
PEUGEOT NORTHCLIFF,NORTHCLIFF,30,,,
PEUGEOT RICHARDS BAY,RICHARDS BAY,30,,,
PEUGEOT VEREENIGING,VEREENIGING,30,,,
PIETER JOUBERT GROUP,CRADOCK,30,,,
TWK MOTORS (PTY) LTD T/A PIET RETIEF,PIET RETIEF,14,,,
PIET RETIEF TOYOTA...,Piet Retief Storage,14,,,
PLATTELAND MOTORS,SWELLENDAM,30,,,
PLATINUM WHEELS,SANDTON,30,,,
PONGOLA TOYOTA,PONGOLA,30,,,
PORT ELIZABETH GWM,PORT ELIZABETH,180,,,
PORTER MOTOR GROUP,FREE STATE,30,,,
POWER AUTO,WELKOM,14,,,
POWERSTAR ERMELO,ERMELO,14,,,
FAW TRUCKS GEORGE,GEORGE,60,,,
POWERSTAR SERVICE CENTRE,EMPANGENI,30,,,
POWERSTAR TRUCKS SHELLY BEACH,SHELLY BEACH,30,,,
ISUZU BLOEMFONTEIN,BLOEMFONTEIN,180,,,
MOTUS ISUZU ISANDO,KEMPTON PARK,180,,,
MOTUS ISUZU KIMBERLEY,KIMBERLEY,180,,,
MOTUS ISUZU VEREENIGING,VEREENIGING,180,,,
PRETORIA CARAVANS,PRETORIA,30,,,
PREMIER MOTOR HOLDINGS,BLOEMFONTEIN,30,,,
PRETORIA NOORD TOYOTA,PRETORIA NORTH,180,,,
PRETORIA SUBARU,CENTURION,30,,,
PRESTIGE VALUE CARS,MONTANA,30,,,
PRIMECARS VEREENIGING.CO.ZA,VEREENIGING,30,,,
PRINCESS CROSSING MULTIFRANCHISE,ROODEPOORT,90,,,
PRIMA INSPECTACAR WONDERBOOM,Pretoria North,30,,,
AUTO INVESTMENTS WONDERBOOM (PTY) LTD,PRETORIA,30,,,
PRODUKTA TRUCKS,NELSPRUIT,60,,,
PRODUKTA FIAT/ALFA AND JEEP NELSPRUIT,NELSPRUIT,60,,,
PRODUKTA HONDA & KTM MOTORCYCLES,NELSPRUIT,60,,,
PRODUKTA POWERSTAR TRUCKS,NELSPRUIT,60,,,
PRODUKTA NISSAN...,Nelspruit,60,,,
PROVINCIAL MOTORS,EMPANGENI,30,,,
POTLOODSPRUIT INVESTMENTS GROUP,NELSPRUIT,30,,,
PROVINCIAL MOTORS RICHARDS BAY,RICHARDS BAY,30,,,
T/A PRODUKTA NISSAN,NELSPRUIT,60,,,
PRODUKTA SUZUKI NELSPRUIT,NELSPRUIT,60,,,
PROTEA TOYOTA,CAPE TOWN,90,,,
PRODUKTA UD TRUCKS,NELSPRUIT,60,,,
PROVINCIAL MOTORS (NEW),RICHARDS BAY,30,,,
PUPKEWITZ MOTOR GROUP,WINDHOEK,30,,,
PURE SILK INVEST 2 GROUP,BOKSBURG,30,,,
QEMBU GROUP,MIDDELBURG,30,,,
QEMBU PRE-OWNED,GQEBERHA,30,,,
QUADRO MOTORS...,"Bloemfontein,9301",60,,,
QUADRO MOTORS,FICKSBURG,60,,,
QUEENSTOWN NISSAN,QUEENSTOWN,30,,,
QUINTIN'S MOTORS,BRITS,30,,,
RACEVIEW MOTORS...,Alberton,60,,,
RACEVIEW MOTORS,JOHANNESBURG,60,,,
RACE WORX KTM,ROODEPOORT,30,,,
RANDBURG COMMERCIAL VEHICLES,RANDBURG,30,,,
RAND STADIUM TOYOTA,JOHANNESBURG,90,,,
EMOND AUTO GROUP,DURBAN NORTH,30,,,
RAYHAAN HASSIM GROUP,LENASIA,30,,,
RCL TREKKERDIENSTE,PATENSIE,30,,,
RCL TREKKERDIENSTE - GRAAF REINET,GRAAF-REINET,30,,,
REEDS BELLVILLE FCA,CAPE TOWN,180,,,
REEDS CLAREMONT,CAPE TOWN,180,,,
REEDS N1 CITY,CAPE TOWN,180,,,
REM BEZUIDENHOUT GROUP,RICHARDS BAY,30,,,
RENAULT BENONI,BENONI,180,,,
RENAULT BRUMA,JOHANNESBURG,30,,,
RENAULT CENTURION,CENTURION,90,,,
RENAULT CLEARWATER,ROODEPOORT,180,,,
RENAULT MOBENI,DURBAN SOUTH,30,,,
RENAULT DURBAN SOUTH..,"DURBAN SOUTH, KW   4060 GRB",30,,,
RENAULT FOUNTAINS,PRETORIA,90,,,
RENAULT GQEBERHA,PORT ELIZABETH,30,,,
RENAULT GRAHAMSTOWN,GRAHAMSTOWN,60,,,
RENAULT HATFIELD,PRETORIA,30,,,
RENAULT HILLCREST,HILLCREST,30,,,
RENAULT KEMPTON PARK,BENONI,180,,,
RENAULT KING WILLIAMS TOWN,KING WILLIAMS TOWN,30,,,
RENAULT LADYSMITH..,"LADYSMITH,   3370",30,,,
RENAULT LADYSMITH,LADYSMITH,30,,,
RENAULT LEPHALALE,LEPHALALE,14,,,
RENAULT LENASIA,LENASIA,30,,,
RENAULT LOUIS TRICHARDT,LOUIS TRICHARDT,30,,,
RENAULT MALMESBURY,MALMESBURY,30,,,
RENAULT MTHATHA,MTHATHA,180,,,
RENAULT NEWCASTLE...,"NEWCASTLE,   2940",30,,,
RENAULT NEWCASTLE,NEWCASTLE,30,,,
RENAULT PAARL (NEW),PAARL,30,,,
RENAULT PINETOWN,PINETOWN,90,,,
RENAULT SILVERLAKES,SILVERLAKES,180,,,
RENAULT SPRINGS,SPRINGS,30,,,
RENAULT TAVCOR GEORGE,GEORGE,60,,,
CINZACO AUTO,VEREENIGING,30,,,
REPO WILD GROUP,WORCESTER,30,,,
RETAIL GEORGE MULTIFRANCHISE,GEORGE,30,,,
RIANT INVESTMENTS GROUP,ERMELO,30,,,
RICHARDS BAY COMMERCIAL VEHICLES (PTY) LTD,RICHARDS BAY,30,,,
RICHARDS BAY MULTIFRANCHISE,RICHARDS BAY,30,,,
RITCHIE AUTO RICHARDS BAY,EMPANGENI,14,,,
RITCHIE FORD VRYHEID,VRYHEID,30,,,
RITCHIE MOTOR GROUP,STANDERTON,30,,,
RIVONIA TOYOTA,ROODEPOORT,180,,,
RIVERSDAL TOYOTA,RIVERSDAL,90,,,
ROBS NISSAN,BRONKHORSTSPRUIT,30,,,
ROGA CAR BAR & KIA MOTORS,VRYHEID,30,,,
ROLA CHRYSLER JEEP DODGE,SOMERSET WEST,60,,,
ROLA HAVAL STELLENBOSCH,STELLENBOSCH,60,,,
ROLA JETOUR SOMERSET WEST,SOMERSET CROSSING,60,,,
ROLA MAHINDRA CALEDON,CALEDON,60,,,
ROLA MAHINDRA MALMESBURY,MALMESBURY,60,,,
ROLA MAHINDRA SOMERSET WEST,SOMERSET WEST,60,,,
ROLA MAHINDRA VREDENBURG,VREDENBURG,60,,,
ROLA MAZDA & PEUGEOT,SOMERSET STREET,60,,,
ROLA MOTOR GROUP,STRAND,30,,,
ROLA MOTOR GROUP,STRAND,30,,,
ROLA OMODA JAECOO SOMERSET WEST,SOMERSET WEST,60,,,
ROLA VOLVO CARS HELDERBERG,SOMERSET WEST,60,,,
RONNIES MOTORS,EAST LONDON,60,,,
RONNIES MOTORS TRUST GROUP,EAST LONDON,30,,,
ROODEPOORT MULTIFRANCHISE,ROODEPOORT,180,,,
ROTHMAN MOTORS (NEW),ERMELO,30,,,
RUDAMANS HONDAWING HOEDSPRUIT,HOEDSPRUIT,30,,,
RUDAMANS HONDAWING NELSPRUIT,RIVERSIDE PARK,30,,,
RUSPLAAS GARAGE,LYDENBURG,60,,,
STELLANTIS RUSTENBURG,RUSTENBURG,30,,,
RUSPLAAS MOTOR GROUP,BURGERSFORT,60,,,
RUSTENBURG TOYOTA,RUSTENBURG,90,,,
RUSTENBURG SUZUKI,RUSTENBURG,30,,,
SOUTHERN AFRICAN MECHANISATION HECTORSPRUIT OUTLET,HECTORSPRUIT,30,,,
SA MOTOR CORPORATION,RANDBURG,30,,,
SOUTHERN AFRICAN MECHANISATION ROCKY DRIFT OUTLET,NELSPRUIT,30,,,
SOUTHERN AFRICAN MECHANISATION - TZANEEN OUTLET,TZANEEN,30,,,
SANI CAR RENTAL,BOKSBURG,30,,,
SANDTON SAAB,BRYANSTON,30,,,
,Bryanston,30,,,
MOTUS NISSAN PAROW,PAROW,180,,,
SCOTT AUTO MAZDA,BETHLEHEM,30,,,
SCOTT AUTO GROUP,BETHLEHEM,30,,,
SEAMANS GROUP,PORT ELIZABETH,30,,,
SEAMANS DFSK,PORT ELIZABETH,30,,,
SEAVIEW MOTORS GROUP,MOSSEL BAY,30,,,
SEAMAN'S RENAULT GEO...,"Knysna, 6570",30,,,
RENAULT GARDEN ROUTE,GEORGE,30,,,
SEAMANS RENAULT PORT ELIZABETH,PORT ELIZABETH,60,,,
SECUNDA MOTOR CORP,SECUNDA,30,,,
SECUNDA TOYOTA,SECUNDA,30,,,
SELECT AUTO GROUP,CENTURION,30,,,
SEAMANS LDV PORT ELIZABETH,PORT ELIZABETH,30,,,
SENTRAAL-SUID KOOPERASIE BPK - GEORGE OUTLET,GEORGE,30,,,
SENTRACOR LADYSMITH,LADYSMITH,30,,,
SENTRAAL-SUID KOOPERASIE GROUP,SWELLENDAM,30,,,
SENTRAAL-SUID KOOPERASIE BPK,SWELLENDAM,30,,,
SERENGETI MOTORS,BLOEMFONTEIN,30,,,
SETTLER CITY TOYOTA,GRAHAMSTOWN,30,,,
SHARP MINDS TWENTY TWO PTY GROUP,BLOEMFONTEIN,30,,,
SHAHIL MOTOR GROUP,LADYSMITH,30,,,
SHIRAZ AUTO,LENASIA 1827,30,,,
SHIFTING GEARS,HOOGLAND RANDBURG,30,,,
SHORTS COMMERCIAL VEHICLES,GEORGE,30,,,
SIGNATURE CARS (PTY) LTD,LITTLE FALLS,30,,,
SILVERTON BUS AND TRUCK,PRETORIA,30,,,
SILVERLINE CARS GROUP,MIDRAND,30,,,
WILLIAM SIMPSON,TOKAI,30,,,
WILLIAM SIMPSON NISSAN,TOKAI,30,,,
T/A JAC HARTSWATER & SKEMA MOTORS,HARTSWATER,30,,,
SMD TRADING GROUP,STANGER,30,,,
SMG AUTO GROUP,PIETERMARITZBURG,30,,,
SMG CHERY CENTURY CITY,CAPE TOWN,60,,,
SMG CHERY UMHLANGA,39 MERIDIAN DRIVE,60,,,
SMG GRENADIER CAPE TOWN,CAPE TOWN,30,,,
SMG GRENADIER UMHLANGA,DURBAN,30,,,
SMG ICAUR TOKAI,TOKAI,30,,,
SMG iCAUR UMHLANGA,UMHLANGA,30,,,
SMG iCAUR PIETERMARITZBURG,PIETERMARITZBURG,30,,,
SMG JAGUAR LAND ROVER CAPE TOWN CITY,CAPE TOWN,30,,,
SMG LEPAS UMHLANGA,UMHLANGA,30,,,
SMG TOYOTA GAUTENG,JOHANNESBURG,90,,,
SMG TOYOTA GROUP,JOHANNESBURG,14,,,
SMH BEDFORDVIEW GROUP,BEDFORDVIEW,30,,,
HONDA AUTO BLOEMFONTEIN,BLOEMFONTEIN,30,,,
SKY ABSOLUT AUTO,BRYANSTON,30,,,
SOLLY LATIF GROUP,GROBLERSDAL,30,,,
SOUTHERN AFRICAN MECHANISATION (PTY) LTD,NELSPRUIT,30,,,
SOUTHERN AFRICAN MECHANISATION GROUP,NELSPRUIT,30,,,
SOUTH COAST GROUP,PORT SHEPSTONE,30,,,
SOUTH COAST NEW HOLLAND,MARBURG,30,,,
SOUTHERN MOTOR HOLDING GROUP,BRYANSTON,30,,,
SOUTHGATE WHEELS,FLORIDA GLEN,30,,,
SOUTH GATE WHEELS GROUP,FLORIDA GLEN,30,,,
SPRINGS CAR WHOLESALERS GROUP,SPRINGS,30,,,
T/A HYUNDAI MALMESBURY,MALMESBURY,60,,,
SPRINGSWEG NIGEL EIENDOMME GROUP,NIGEL,30,,,
SPRINGS NISSAN...,"Boksburg, 1459",30,,,
SPRINGS NISSAN,SPRINGS,30,,,
SPRINGS NISSAN,"Boksburg, GT",30,,,
STARGATE AUTO CC,VEREENIGING,30,,,
STAR GATE AUTO GROUP,VANDERBIJLPARK,30,,,
STALLION MOTORS,BEAUFORT WEST,30,,,
STAR MOTOR GROUP,VEREENIGING,30,,,
STAR NISSAN VEREENIGING,VEREENIGING,60,,,
MYRIDE NISSAN WESKUS,VREDENBURG,30,,,
TWK MOTORS (PTY) LTD T/A STANDERTON,STANDERTON,14,,,
STELLENBOSCH LANDROVER AND JAGUAR,STELLENBOSCH,30,,,
STELLANTIS MILNERTON CAPE TOWN,"MILNERTON, CAPE TOWN",30,,,
STEPHEN NALE MOTORS,JOHANNESBURG,30,,,
STEYNBERG SAKE GROUP,STRAND,30,,,
STREET SMART AUTO,KEMPTON PARK,30,,,
MARITIME MOTORS GROUP,WALMER,30,,,
STUCKY MOTORS GROUP,PIET RETIEF,30,,,
SUBARU BELLVILLE,BELLVILLE,30,,,
SUBARU DURBAN,DURBAN NORTH,60,,,
SUBARU EASTERN CAPE,PORT ELIZABETH,60,,,
SUBARU EAST LONDON,EAST LONDON,60,,,
SUBARU PRETORIA,CENTURION,30,,,
SUBARU WEST RAND,ROODEPOORT,30,,,
SUCROSE NISSAN,STANGER,60,,,
SUGAR COAST MOTORS,DARNALL LLEMBE DISTRCT,30,,,
SUMMIT AUTO GROUP,RIVONIA,30,,,
SUMMIT AUTO GROUP,RIVONIA,30,,,
SUPREME AUTO & CHERY VRYBURG,VRYBURG,30,,,
SUPREME AUTO,VRYBURG,30,,,
SUPREME MAZDA,MAHIKENG,30,,,
SUPER GROUP,SANDTON,30,,,
SUPER GROUP,SANDTON,30,,,
SUPER GROUP CJD,BOKSBURG,30,,,
SUPER GROUP FORD,EDENVALE,30,,,
SUPER GROUP GENERAL MOTORS SA,BLACKHEATH,30,,,
SUPER GROUP GWM,SANDTON,30,,,
DEALERSHIPS HEAD OFFICE,SANDTON,30,,,
SUPER GROUP HONDA,SANDTON,30,,,
SUPER GROUP ITSA,BLACKHEATH,30,,,
SUPER GROUP LANDROVER SA,SANDTON,30,,,
SUPER GROUP MAZDA,SANDTON,30,,,
SUPER GROUP NISSAN,SANDTON,30,,,
SUPER GROUP NISSAN DIESEL SA,SANDTON,30,,,
SUPER GROUP RENAULT SA,SANDTON,30,,,
SUPER GROUP TRADING,SANDTON,30,,,
SUPER GROUP VOLVO,SANDTON,30,,,
SUPER GROUP PEUGEOT,HONEYDEW,30,,,
SUPERTECH OMODA (PTY) LTD,NEWCASTLE,30,,,
SUPREME AUTO GROUP,MAHIKENG,30,,,
SUZUKI ALBERTON,ALBERTON,60,,,
SUZUKI BETHLEHEM,BETHLEHEM,14,,,
SUZUKI BETHLEHEM,BETHLEHEM,14,,,
SUZUKI BETHLEHEM,ERMELO,14,,,
SUZUKI BETHLEHEM,ERMELO,14,,,
SUZUKI BETHLEHEM,NEWCASTLE,14,,,
SUZUKI BETHLEHEM,NEWCASTLE,14,,,
SUZUKI BETHLEHEM,NEWCASTLE,14,,,
SUZUKI BLACKHEATH,CAPE TOWN,30,,,
SUZUKI BLOEMFONTEIN,BLOEMFONTEIN,180,,,
SUZUKI BOKSBURG,BOKSBURG,120,,,
SUZUKI BRITS,BRITS,14,,,
SUZUKI BRUMA,JOHANNESBURG,120,,,
SUZUKI BRYANSTON,RANDBURG,30,,,
SUZUKI BURGERSFORT,BURGERSFORT,30,,,
SUZUKI CAPE GATE,BRACKENFELL,90,,,
SUZUKI CAPE TOWN,CAPE TOWN,60,,,
SUZUKI CAPE TOWN,CAPE TOWN,60,,,
SUZUKI CENTURION,CENTURION,60,,,
SUZUKI CONSTANTIABERG,DIEP RIVER,90,,,
SUZUKI CORLETT...,Kew,60,,,
EAGLE SUZUKI BRAMLEY,JOAHNNESBURG,60,,,
SUZUKI DURBAN,DURBAN NORTH,60,,,
SUZUKI EAST LONDON,BEACON BAY,60,,,
SUZUKI EDENVALE,Johannesburg,120,,,
SUZUKI ERMELO,ERMELO,14,,,
SUZUKI ERMELO,ERMELO,14,,,
SUZUKI ERMELO,BETHLEHEM,14,,,
SUZUKI ERMELO,BETHLEHEM,14,,,
SUZUKI ERMELO,NEWCASTLE,14,,,
SUZUKI ERMELO,NEWCASTLE,14,,,
SUZUKI ERMELO,NEWCASTLE,14,,,
SUZUKI GEORGE,GEORGE,60,,,
SUZUKI GROBLERSDAL,GROBLERSDAL,30,,,
SUZUKI GROBLERSDAL,GROBLERSDAL,30,,,
SUZUKI HATFIELD,PRETORIA,90,,,
CHERY JHB SOUTH,JOHANNESBURG,60,,,
SUZUKI HELDERBERG,STRAND,30,,,
SUZUKI HOEDSPRUIT,HOEDSPRUIT,30,,,
SUZUKI JHB SOUTH...,Bassonia,60,,,
SUZUKI JHB SOUTH...,Oakdene,60,,,
SUZUKI JHB SOUTH,ROSSETTENVILLE,60,,,
SUZUKI KENILWORTH (MEKOR),CAPE TOWN,90,,,
NTT SUZUKI KIMBERLY,KIMBERLEY,90,,,
SUZUKI AUTO KING WILLIAMS TOWN,KING WILLIAMS TOWN,60,,,
SUZUKI - KLERKSDORP,KLERKSDORP,30,,,
SUZUKI KOKSTAD,KOKSTAD,30,,,
SUZUKI KROONSTAD,KROONSTAD,180,,,
SUZUKI KYALAMI,KYALAMI,30,,,
OVK MOTORS SUZUKI LADYBRAND,LADYBRAND,90,,,
SUZUKI LENASIA,EXTENSION 8,30,,,
SUZUKI MAHINDRA & JEEP FIAT MONTANA,PRETORIA,30,,,
SUZUKI MONTANA,PRETORIA,14,,,
SUZUKI MAKHADO,MAKHADO,180,,,
SUZUKI MALELANE,MALELANE,60,,,
SUZUKI MARGATE,MARGATE,30,,,
SUZUKI AND CHERY MENLYN,PRETORIA,14,,,
COMBINED AUTO HOLDINGS (PTY) LTD,MIDDELBURG,30,,,
SUZUKI MODIMOLLE,MODIMOLLE,30,,,
SUZUKI MONTANA,PRETORIA,30,,,
SUZUKI MTHATHA,MTHATHA,180,,,
SUZUKI NEWCASTLE,NEWCASTLE,14,,,
SUZUKI NEWCASTLE,NEWCASTLE,14,,,
SUZUKI NEWCASTLE,ERMELO,14,,,
SUZUKI NEWCASTLE,ERMELO,14,,,
SUZUKI NEWCASTLE,BETHLEHEM,14,,,
SUZUKI NEWCASTLE,BETHLEHEM,14,,,
SUZUKI NEWCASTLE,NEWCASTLE,14,,,
SUZUKI NORTHCLIFF,JHB,30,,,
SUZUKI PAARL,PAARL,30,,,
SUZUKI PE,PORT ELIZABETH,60,,,
SUZUKI PIETERMARITZBURG,PIETERMARITZBURG,30,,,
SUZUKI PINETOWN,PINETOWN,90,,,
SUZUKI PORT ALFRED,PORT ALFRED,30,,,
SUZUKI POTCHEFSTROOM,POTCHEFSTROOM,14,,,
SUZUKI QUEENSTOWN,QUEENSTOWN,30,,,
SUZUKI RIVONIA,RIVONIA,60,,,
SUZUKI - RUSTENBURG,RUSTENBURG,14,,,
SUZUKI SALT ROCK AND CHERY NORTH COAST,UMHLALI,30,,,
SUZUKI SANDTON,SANDTON,30,,,
SUZUKI SASOLBURG,SASOLBURG,60,,,
SUZUKI SECUNDA,SECUNDA,180,,,
SUZUKI SOUTH COAST,PORT SHEPSTONE,30,,,
SUZUKI STELLENBOSCH,STELLENBOSCH,30,,,
SUZUKI STELLENBOSCH,STELLENBOSCH,30,,,
SUZUKI STRIJDOM PARK,RANDBURG,30,,,
SUPER GROUP SUZUKI,SANDTON,30,,,
SUZUKI TZANEEN,TZANEEN,30,,,
SUZUKI BRONKHORSTSPRUIT,BRONKHORSTSPRUIT,30,,,
SUZUKI CARLETONVILLE,CARLTONVILLE,30,,,
SUZUKI ESHOWE,ESHOWE,30,,,
SUZUKI LICHTENBURG,LICHTENBURG,180,,,
SUZUKI MOKOPANE,MOKOPANE,14,,,
SUZUKI MAHIKENG,MAHIKENG,60,,,
CMH UMHLANGA...,Phoenix,90,,,
CMH UMHLANGA,UMHLANGA,90,,,
SUZUKI UPINGTON,UPINGTON,60,,,
SUZUKI VRYHEID,VRYHEID,30,,,
SUZUKI VEREENIGING,VEREENIGING,60,,,
SUZUKI VRYBURG,VRYBURG,30,,,
SUZUKI WEST RAND,JOHANNESBURG,60,,,
SUZUKI ZULULAND,RICHARDS BAY,30,,,
GWM SWAKOPMUND,SWAKOPMUND,30,,,
CMH VOLVO CARS CAPE TOWN,FORESHORE,90,,,
CMH VOLVO CARS UMHLANGA,UMHLANGA,90,,,
CMH VOLVO CARS PRETORIA,PRETORIA,90,,,
SYDNEY HUNT KURUMAN,KURUMAN,30,,,
SYDNEY HUNT VRYBURG,VRYBURG,30,,,
SYDFRED MOTORS,MATATIELE,30,,,
TM NISSAN,GROBLERSDAL,30,,,
TM NISSAN,MARBLE HALL,30,,,
TM NISSAN,MARBLE HALL,30,,,
TABLEVIEW MULTIFRANCHISE,TABLEVIEW,90,,,
HONDA ZULULAND,RICHARDS BAY,30,,,
TANGAWIZI MOTORS GROUP,RICHARDSBAY,30,,,
TASK NISSAN,BARBERTON,14,,,
GWM WEST RAND,ROODEPOORT,30,,,
TATA BRONKHORSTSPRUIT,BRONKHORSTSPRUIT,30,,,
TATA DURBAN SOUTH,DURBAN,30,,,
TATA KEMPTON PARK,KEMPTON PARK,14,,,
TATA LADYSMITH,LADYSMITH,30,,,
TATA RUSTENBURG,RUSTENBURG,120,,,
TATA TRUCKS KWADAKUZA,KWADAKUZA,30,,,
TATA WITBANK,WITBANK,120,,,
TATA BOKSBURG,EAST RAND MALL,30,,,
TATA EDENVALE,EDENVALE,120,,,
TATA GARDEN ROUTE,GEORGE INDUSTRIA,30,,,
TATA NEWLANDS,JOHANNESBURG,30,,,
TATA NEWCASTLE,NEWCASTLE,30,,,
TATA SECUNDA,SECUNDA,30,,,
TATA TRUCK AND BUS BLOEMFONTEIN,BLOEMFONTEIN,30,,,
TAVCOR BAIC PORT ELIZABETH,PORT ELIZABETH,60,,,
TAVCOR BAIC GEORGE,GEORGE,60,,,
TAVCOR AUTOSALES FIAT & JEEP,PORT ELIZABETH,60,,,
TAVCOR JAC GEORGE,GEORGE,30,,,
TAVCOR JAC PORT ELIZABETH,PORT ELIZABETH,30,,,
TAVCOR JEEP,PORT ELIZABETH,60,,,
TAVCOR MG GEORGE,GEORGE,60,,,
TAVCOR MG PORT ELIZABETH,FAIRVIEW,60,,,
TAVCOR MOTOR GROUP,PORT ELIZABETH,30,,,
TAVCOR MOTORENT,PORT ELIZABETH,30,,,
TAVCOR MOTORENT,GEORGE,30,,,
TAVCOR MOTORENT,PORT ELIZABETH,30,,,
TAVCOR SUZUKI JEFFREYS BAY,JEFFREYS BAY,30,,,
TAVCOR SUZUKI KNYSNA,KNYSNA,60,,,
TAVCOR SUZUKI MOSSEL BAY,MOSSEL BAY,60,,,
TAYOB FAMILY GROUP,BURGERSFORT,30,,,
TELEGENIX GROUP,MOKOPANE,30,,,
TEX MOTORCYCLES,GEORGE,30,,,
THE GLEN MOTORS GROUP,BASSONIA,30,,,
THE RICTU 13 GROUP,KLERKSDORP,30,,,
THE TDP GROUP,WESTONARIA,30,,,
THEKWINI TOYOTA DURBAN,DURBAN,180,,,
THEKWINI TOYOTA DURB,"DURBAN, 4001",180,,,
THEKWINI TOYOTA WESTVILLE,DURBAN,180,,,
THEKWINI TOYOTA WEST...,"WESTVILLE, 3630",180,,,
THORP BAYSIDE,TABLEVIEW,60,,,
THORP PLUMSTEAD,PLUMSTEAD,60,,,
THORP GROUP,PLUMSTEAD,60,,,
THORP N1 CITY,CAPE TOWN,60,,,
THOMPSON NISSAN...,"PORT SHEPSTONE, 4240",60,,,
THOMPSON NISSAN...,"MARBURG, 4252",60,,,
THOMPSON NISSAN...,"SHELLY BEACH, 4245",60,,,
THOMPSON NISSAN,PORT SHEPSTONE,60,,,
THORP BRACKENFELL,BRACKENFALL,30,,,
THORP TABLEVIEW,BLOUBERG,60,,,
THORP TABLE BAY,TABLEVIEW,30,,,
THRIFTY CAR SALES BOKSBURG,BOKSBURG,30,,,
THRIFTY CAR SALES SPRINGS,BOKSBURG,30,,,
 THRIFTY CAR SALES SP...,"Springs, 1560",30,,,
TOI-WIL MOTORS,BRITS,30,,,
TOKAI MULTIFRANCHISE,RETREAT,90,,,
TOM CAMPHER GROUP,GQEBERHA,30,,,
TOM CAMPHER MOTORS,JOHANNESBURG,30,,,
TOM CAMPHER VOLVO GQEBERHA,GQEBERHA,30,,,
TOPGEAR AUTO GROUP,SANDTON,30,,,
TOPGEAR AUTO NEWCASTLE,NEWCASTLE,30,,,
TOPGEAR AUTO,JOHANNESBURG,30,,,
 TOPGEAR AUTO...,Randburg,30,,,
TOP MARK'S GROUP,PRETORIA,30,,,
TOYZ AUTO,UMHLANGA,30,,,
CMH TOYOTA UMHLANGA,UMHLANGA RIDGE,90,,,
CMH TOYOTA ALBERTON,ALBERTON,90,,,
TRACTOR FIELD SERVICES (PTY) LTD,MAKHADO,30,,,
TRACTOR GIANTS (PTY) LTD,PRETORIA NORTH,30,,,
TRAX MOTOR,PRETORIA,30,,,
UB TRAX (PTY) LTD,EQUESTRIA,30,,,
TRAX MOTO GROUP,"EQUESTRIA, PRETORIA",30,,,
TRADESTUFF 2131 CC,HARTBEESFONTEIN,30,,,
TRACTOR WORLD,EAST LONDON,60,,,
TREK IN TOYOTA,DE AAR,30,,,
TRITON FLEET MANAGEMENT (PTY) LTD,LINBRO PARK,30,,,
TROPHY MOTORS,DUIWELSKLOOF,30,,,
TROPHY TYRES CC,LETSITELE,30,,,
TRUST ABSOLUT AUTO GROUP,CAPE TOWN,30,,,
TRUST ABSOLUTE AUTO  (PTY) LTD T/A SUZUKI BRYANSTO,BRYANSTON,60,,,
TRUST ABSOLUT AUTO (PTY) LTD t/a SUZUKI HELDERBERG,STRAND,60,,,
TRUCK & TRACTOR SPECIALISTS PLANT,POLOKWANE,30,,,
TRUCK WORLD (PTY) LTD,KRUGERSDORP MULDERSDRIF,7,,,
TWENTY FOUR MOTORS CC,ERMELO,30,,,
TWENTY FOUR MOTOR GROUP,ERMELO,30,,,
TWK AGRI,ERMELO,30,,,
TWK AGRI,PIET RETIEF,30,,,
TWK AGRI (OLD),PIET RETIEF,30,,,
TWK GROUP,PIET RETIEF,30,,,
TKW MOTORS GROUP,STANDERTON,30,,,
TYGER CARAVANS & CAMPWORLD,CAPE TOWN,14,,,
RENAULT TYGERBERG,BELLVILLE,90,,,
UD NWT RUSTENBURG,RUSTENBURG,120,,,
UD TRUCKS LICHTENBURG,LICHTENBURG,30,,,
LAUBSTAR NC (PTY) LTD,KATHU,30,,,
UD TRUCKS KLERKSDORP,KLERKSDORP,30,,,
UD TRUCKS NEWCASTLE,NEWCASTLE,14,,,
ULTIMATE AUTO VANDERBIJLPARK,VANDERBIJLPARK,30,,,
ULTRA MOTORS WELKOM,WELKOM,14,,,
UMHLANGA MULTIFRANCHISE,UMHLANGA,30,,,
CFAO MOBILITY GROUP,ROODEPOORT,30,,,
UNIVERSAL EQUIPMENT,EAST LONDON,30,,,
UNITRANS GENERAL MOTORS SA,BENONI,30,,,
UNITRANS HAVAL GROUP,PORT ELIZABETH,30,,,
UNITRANS ITSA GROUP,BENONI,30,,,
UNITRANS MAHINDRA GROUP,DURBAN,30,,,
NMI-DSM MBOMBELA,NELSPRUIT,90,,,
UNITRANS NISSAN SA GROUP,BENONI,30,,,
UNITRANS RENAULT SA GROUP,BENONI,30,,,
UNITRANS TOYOTA GROUP,JOHANNESBURG,30,,,
UPINGTON TOYOTA,UPINGTON,90,,,
UPINGTON TREKKERS,UPINGTON,30,,,
UPINGTON TREKKERS GROUP,UPINGTON,30,,,
VAAL TATA,MEYERTON,14,,,
VAAL TOYOTA...,Vaalpark,90,,,
VAAL TOYOTA,VEREENIGING,90,,,
VALOR GWM LICHTENBURG,LICTENBURG,30,,,
VALOR LEPAS KLERKSDORP,KLERKSDORP,30,,,
VALOR MG MAHIKENG,MAHIKENG,30,,,
VALTRAC (PTY) LTD,PARYS,30,,,
VANBREDA AGRI,STELLENBOSCH,30,,,
VANS AUTO AND SOUND,MIDDELBURG,30,,,
VARNFIELD EN MARITZ MOTORS,PRETORIA NORTH,14,,,
VDW MOTOR GROUP,RUSTENBURG,30,,,
VEE MOTORS,EDENVALE,30,,,
RANDWEST MOTORS,WESTONARIA,30,,,
VERMAAK MOTOR GROUP,SANDTON,30,,,
VESPA SOUTH AFRICA,SUNNINGHILL SANDTON,30,,,
VESPA SA CAPE TOWN SERVICE,CAPE TOWN,60,,,
VESPA SA CAPE TOWN,CAPE TOWN,30,,,
VESPA SOUTH AFRICA GROUP,VERWOERDPARK,30,,,
VESPA KZN,DURBAN,30,,,
VESPA SA MELROSE ARCH,MELROSE,30,,,
VESPA SA SANDTON,PAULSHOF,60,,,
VIP CARS,KEMPTON PARK,30,,,
VOLVO CARS GEORGE,GEORGE,30,,,
VOLVO CARS PINETOWN,PINETOWN,7,,,
VOLVO POLOKWANE,POLOKWANE,30,,,
VOLVO POLOKWANE,POLOKWANE,30,,,
VOSMAR MOTORS GROUP,ROODEPOORT,30,,,
VREDENDAL TOYOTA,VREDENDAL,30,,,
VS AUTO,PRETORIA,30,,,
VX AUTO,KLERKSDORP,30,,,
WALKER GROUP,UPINGTON,30,,,
WATERFORD JAGUAR AND LANDROVER,FOURWAYS,60,,,
WATERBERG NEW HOLLAND,BELA BELA,14,,,
WATERBERG NEW HOLLAND GROUP,BELA BELA,30,,,
WATERBERG TOYOTA MODIMOLLE,MODIMOLLE,30,,,
"WESTVAAL MOTOR GROUP (PTY) LTD , WESTVAAL BRITS",BRITS,90,,,
WEIR'S GROUP,EAST LONDON,30,,,
MORGAN NISSAN WELKOM,WELKOM,60,,,
"WESTVAAL MOTOR GROUP (PTY) LTD , WESTVAAL BARBERTO",BARBERTON,90,,,
WESTVAAL MOTOR HOLDINGS (PTY) LTD - WESTVAAL BOTHA,BOTHAVILLE,90,,,
"WESTVAAL MOTOR GROUP (PTY) LTD , WESTVAAL BOTHAVIL",BOTHAVILLE,90,,,
WESTVAAL MOTOR HOLDINGS (PTY) LTD - WESTVAAL BRITS,BRITS,90,,,
WESTVAAL GROUP,KLERKSDORP,30,,,
WESTVAAL MOTOR HOLDINGS,KLERKSDORP,30,,,
WESTVAAL MOTOR HOLDINGS (PTY) LTD - WESTVAAL HYUND,BARBERTON,60,,,
WESTVAAL MOTOR HOLDINGS (PTY) LTD - WESTVAAL SECUN,KLERKSDORP,60,,,
WESTVAAL ISUZU FLEET,PRETORIA,60,,,
"WESTVAAL MOTOR GROUP (PTY) LTD , WESTVAAL ISUZU FL",PRETORIA,60,,,
WESTVAAL MOTOR HOLDINGS (PTY) LTD - WESTVAAL ITSA,KLERKSDORP,60,,,
WESTVAAL MOTOR HOLDINGS (PTY) LTD - WESTVAAL ITSA,NELSPRUIT,60,,,
WESTVAAL MOTOR HOLDINGS (PTY) LTD - WESTVAAL ITSA,POLOKWANE,60,,,
WESTVAAL MOTOR HOLDINGS (PTY) LTD - WESTVAAL ITSA,RUSTENBURG,60,,,
WESTVAAL MOTOR HOLDINGS (PTY) LTD - WESTVAAL MENLY,PRETORIA,60,,,
WESTVAAL MENLYN,PRETORIA,60,,,
WESTVAAL MENLYN,PRETORIA,60,,,
WESTVAAL MOTOR HOLDINGS (PTY) LTD - WESTVAAL KLERK,KLERKSDORP,60,,,
"WESTVAAL TRUCKS (PTY) LTD  , WESTVAAL KLERKSDORP T",KLERKSDORP,90,,,
MSE AUTO (PTY) LTD t/a WESTVAAL LICTHENBURG,LICHTENBURG,90,,,
"WESTVAAL MOTOR GROUP (PTY) LTD , WESTVAAL LICHTENB",LICHTENBURG,90,,,
MSE AUTO (PTY) LTD t/a WESTVAAL MAHIKENG,MAHIKENG,90,,,
"WESTVAAL MOTOR GROUP (PTY) LTD , WESTVAAL MAHIKENG",MAHIKENG,90,,,
WESTVAAL MOTOR HOLDINGS (PTY) LTD - WESTVAAL MASHI,LYDENBURG,60,,,
WESTVAAL MASHISHING...,Steelpoort,60,,,
"WESTVAAL MOTOR GROUP (PTY) LTD , WESTVAAL MASHISHI",LYDENBURG,90,,,
WESTVAAL MOTOR HOLDINGS (PTY) LTD - WESTVAAL MOKOP,MOKOPANE,60,,,
"WESTVAAL MOTOR GROUP (PTY) LTD , WESTVAAL MOKOPANE",MOKOPANE,90,,,
WESKAAP MOTORS,VREDENBURG,30,,,
WESTVAAL NELSPRUIT-1,"Baberton, MP 1300",60,,,
WESTVAAL MOTOR HOLDINGS (PTY) LTD - WESTVAAL NELSP,NELSPRUIT,60,,,
"WESTVAAL TRUCKS (PTY) LTD , WESTVAAL NELSPRUIT TRU",NELSPRUIT,90,,,
WESTVAAL MOTOR HOLDINGS (PTY) LTD - WESTVAAL PAARL,PAARL,60,,,
"WESTVAAL MOTOR GROUP (PTY) LTD , WESTVAAL PAARL",PAARL,90,,,
WESTVAAL POLOKWANE...,Polokwane,90,,,
WESTVAAL MOTOR HOLDINGS (PTY) LTD - WESTVAAL POLOK,POLOKWANE,90,,,
"WESTVAAL MOTOR GROUP (PTY) LTD , WESTVAAL POLOKWAN",POLOKWANE,90,,,
WESTVAAL MOTOR HOLDINGS (PTY) LTD - WESTVAAL POTCH,POTCHEFSTROOM,90,,,
WESTVAAL MOTOR HOLDINGS (PTY) LTD - WESTVAAL RENAU,KLERKSDORP,60,,,
WESTVAAL MOTOR HOLDINGS (PTY) LTD - WESTVAAL RENAU,MAHIKENG,60,,,
WESTVAAL MOTOR HOLDINGS (PTY) LTD - WESTVAAL RUSTE,RUSTENBURG,60,,,
"WESTVAAL TRUCKS (PTY) LTD , WESTVAAL RUSTENBURG TR",RUSTENBURG,90,,,
WESTVAAL MOTOR HOLDINGS (PTY( LTD - WESTVAAL SECUN,SECUNDA,60,,,
"WESTVAAL MOTOR GROUP (PTY) LTD , WESTVAAL SECUNDA",SECUNDA,90,,,
"WESTVAAL MOTOR GROUP (PTY) LTD , WESTVAAL SOMERSET",SOMERSET WEST,90,,,
WESTVAAL MOTOR HOLDINGS (PTY) LTD - WESTVAAL SOMER,SOMERSET WEST,60,,,
WESTVAAL MOTOR HOLDINGS (PTY) LTD - WESTVAAL SUZUK,KLERKSDORP,60,,,
"WESTVAAL MOTOR GROUP (PTY) LTD , WESTVAAL KLERKSDO",KLERKSDROP,90,,,
"WESTVAAL MOTOR GROUP (PTY) LTD , WESTVAAL MENLYN",PRETORIA,90,,,
"WESTVAAL MOTOR GROUP (PTY) LTD , WESTVAAL NELSPRUI",NELSPRUIT,90,,,
WESTONARIA TOYOTA,WESTONARIA,14,,,
"WESTVAAL TRUCKS (PTY) LTD , WESTVAAL POLOKWANE TRU",POLOKWANE,90,,,
"WESTVAAL MOTOR GROUP (PTY) LTD , WESTVAAL POTCHEFS",POTCHEFSTROOM,90,,,
"WESTVAAL MOTOR GROUP (PTY) LTD , WESTVAAL RUSTENBU",RUSTENBURG,60,,,
"WESTVAAL MOTOR GROUP (PTY) LTD , WESTVAAL WHITE RI",WHITE RIVER,90,,,
WESTVAAL MOTOR HOLDINGS (PTY) LTD - WESTVAAL WELKO,WELKOM,60,,,
"WESTVAAL MOTOR GROUP (PTY) LTD , WESTVAAL WELKOM",WELKOM,90,,,
WESTVAAL MOTOR HOLDINGS (PTY) LTD - WESTVAAL WHITE,WHITE RIVER,60,,,
4WHEELS CARS,VRYBURG,60,,,
HELDEBERG NISSAN,HELDEBERG,60,,,
HEIDELBERG NISSAN,HEIDELBERG,60,,,
CMH UMHLANGA MULTIFRANCHISE (SUZUKI BIKES),DURBAN,60,,,
HINO HONEYDEW,MULDERSDRIFT,90,,,
WILLIAMS HUNT CENTURION,CENTURION,180,,,
WILLIAMS HUNT EDENVALE,EDENVALE,180,,,
WILLIAMS HUNT FOURWAYS  ISUZU,FOURWAYS,180,,,
WILLIAMS HUNT HUMANSDORP,HUMANSDORP,180,,,
ISUZU TRUCK CENTRE PORT ELIZABETH,PORT ELIZABETH,180,,,
ISUZU TRUCK CENTRE PRETORIA,PRETORIA,180,,,
WILLIAMS HUNT KLERKSDORP,KLERKSDORP,180,,,
WILLIAMS HUNT KROONSTAD,KROONSTAD,180,,,
WILLIAMS HUNT PE,PORT ELIZABETH,180,,,
WILLIAMS HUNT PEUGEOT EDENVALE,EDENVALE,180,,,
WILLIAMS HUNT PEUGEOT THE GLEN,JOHANNESBURG,180,,,
WILLIAMS HUNT PEUGEOT MIDRAND,JOHANNESBURG,180,,,
WILLIAMS HUNT PEUGEOT ROODEPOORT,ROODEPORT,180,,,
WILLIAMS HUNT PRETORIA,PRETORIA,180,,,
WILLIAMS HUNT RANDBURG,RANDBURG,180,,,
WILLIAMS HUNT ROODEPOORT,WILROPARK,180,,,
WILLIAMS HUNT THE GLEN,OAKDENE,180,,,
WILLYBLACK MOTOR GROUP,DELMAS,30,,,
WILLIAMS HUNT PEUGEOT FOURWAYS,SANDTON,180,,,
WILLIAM SIMPSON GROUP,TOKAI,30,,,
WITTHOFT GROUP,UMHLALI,30,,,
WITBANK AUTO,WITBANK,7,,,
W.K.H. FAMILY TRUST GROUP,BELA-BELA,30,,,
WORCESTER NISSAN,WORCESTER,30,,,
WORCESTER RENAULT,WORCESTER,30,,,
WP MOTORS,BELLVILLE,30,,,
DALY MOTOR GROUP,POTCHEFSTROOM,30,,,
YAMAHA CRESCENT,KIMBERLEY,30,,,
WYNLAND AUTO,WORCESTER,30,,,
ZAMBEZI MULTIFRANCHISE,PRETORIA,180,,,
ZEERUST TOYOTA,ZEERUST,90,,,